{
  "url": "https://www.11ty.dev/",
  "requestedUrl": "https://www.11ty.dev/",
  "timestamp": 1605593085940,
  "ranks": {
    "hundos": 1,
    "performance": 2,
    "accessibility": 2,
    "cumulative": 1
  },
  "lighthouse": {
    "version": "6.4.1",
    "performance": 1,
    "accessibility": 1,
    "bestPractices": 1,
    "seo": 1,
    "total": 400
  },
  "firstContentfulPaint": 1117.997,
  "speedIndex": 1117.997,
  "largestContentfulPaint": 1117.997,
  "totalBlockingTime": 3,
  "cumulativeLayoutShift": 0.09366224924723307,
  "timeToInteractive": 1177.497,
  "maxPotentialFirstInputDelay": 56,
  "timeToFirstByte": 16.556999999999988,
  "weight": {
    "summary": "18 requests • 77 KiB",
    "total": 78759,
    "image": 20078,
    "imageCount": 14,
    "script": 7651,
    "scriptCount": 1,
    "document": 32226,
    "font": 15509,
    "fontCount": 1,
    "stylesheet": 3295,
    "stylesheetCount": 1,
    "thirdParty": 15509,
    "thirdPartyCount": 1
  },
  "axe": {
    "passes": 696,
    "violations": 0
  }
}