{
  "url": "https://www.11ty.dev/",
  "requestedUrl": "https://www.11ty.dev/",
  "timestamp": 1599545111957,
  "ranks": {
    "hundos": 1,
    "performance": 1,
    "accessibility": 2,
    "cumulative": 1
  },
  "lighthouse": {
    "version": "6.3.0",
    "performance": 1,
    "accessibility": 1,
    "bestPractices": 1,
    "seo": 1,
    "total": 400
  },
  "firstContentfulPaint": 1103.5190000000002,
  "speedIndex": 1103.5190000000002,
  "largestContentfulPaint": 1103.5190000000002,
  "totalBlockingTime": 4.5,
  "cumulativeLayoutShift": 0.0006124674479166667,
  "timeToInteractive": 1171.5190000000002,
  "maxPotentialFirstInputDelay": 59,
  "timeToFirstByte": 19.195,
  "weight": {
    "summary": "17 requests • 75 KiB",
    "total": 76813,
    "image": 18105,
    "imageCount": 13,
    "script": 7645,
    "scriptCount": 1,
    "document": 32186,
    "font": 15549,
    "fontCount": 1,
    "stylesheet": 3328,
    "stylesheetCount": 1,
    "thirdParty": 15549,
    "thirdPartyCount": 1
  },
  "axe": {
    "passes": 696,
    "violations": 0
  }
}