{
  "url": "https://www.11ty.dev/",
  "requestedUrl": "https://www.11ty.dev/",
  "timestamp": 1601877820710,
  "ranks": {
    "hundos": 1,
    "performance": 2,
    "accessibility": 2,
    "cumulative": 1
  },
  "lighthouse": {
    "version": "6.4.1",
    "performance": 0.99,
    "accessibility": 1,
    "bestPractices": 1,
    "seo": 1,
    "total": 399
  },
  "firstContentfulPaint": 1505.169,
  "speedIndex": 1505.169,
  "largestContentfulPaint": 1530.169,
  "totalBlockingTime": 0,
  "cumulativeLayoutShift": 0.15694444444444444,
  "timeToInteractive": 1530.169,
  "maxPotentialFirstInputDelay": 50,
  "timeToFirstByte": 69.68200000000002,
  "weight": {
    "summary": "17 requests • 75 KiB",
    "total": 76802,
    "image": 18102,
    "imageCount": 13,
    "script": 7645,
    "scriptCount": 1,
    "document": 32179,
    "font": 15550,
    "fontCount": 1,
    "stylesheet": 3326,
    "stylesheetCount": 1,
    "thirdParty": 15550,
    "thirdPartyCount": 1
  },
  "axe": {
    "passes": 696,
    "violations": 0
  }
}