{
  "url": "https://www.11ty.dev/",
  "requestedUrl": "https://www.11ty.dev/",
  "timestamp": 1604210580194,
  "ranks": {
    "hundos": 1,
    "performance": 1,
    "accessibility": 2,
    "cumulative": 1
  },
  "lighthouse": {
    "version": "6.4.1",
    "performance": 1,
    "accessibility": 1,
    "bestPractices": 1,
    "seo": 1,
    "total": 400
  },
  "firstContentfulPaint": 1122.507,
  "speedIndex": 1122.507,
  "largestContentfulPaint": 1122.507,
  "totalBlockingTime": 7.5,
  "cumulativeLayoutShift": 0.09366224924723307,
  "timeToInteractive": 1178.007,
  "maxPotentialFirstInputDelay": 65,
  "timeToFirstByte": 7.96599999999998,
  "weight": {
    "summary": "17 requests • 75 KiB",
    "total": 76792,
    "image": 18102,
    "imageCount": 13,
    "script": 7645,
    "scriptCount": 1,
    "document": 32188,
    "font": 15530,
    "fontCount": 1,
    "stylesheet": 3327,
    "stylesheetCount": 1,
    "thirdParty": 15530,
    "thirdPartyCount": 1
  },
  "axe": {
    "passes": 696,
    "violations": 0
  }
}