{
  "url": "https://www.11ty.dev/",
  "requestedUrl": "https://www.11ty.dev/",
  "timestamp": 1605247474434,
  "ranks": {
    "hundos": 1,
    "performance": 2,
    "accessibility": 2,
    "cumulative": 1
  },
  "lighthouse": {
    "version": "6.4.1",
    "performance": 1,
    "accessibility": 1,
    "bestPractices": 1,
    "seo": 1,
    "total": 400
  },
  "firstContentfulPaint": 1091.0500000000002,
  "speedIndex": 1091.0500000000002,
  "largestContentfulPaint": 1104.0500000000002,
  "totalBlockingTime": 10,
  "cumulativeLayoutShift": 0.09366224924723307,
  "timeToInteractive": 1163.0500000000002,
  "maxPotentialFirstInputDelay": 70,
  "timeToFirstByte": 19.426000000000002,
  "weight": {
    "summary": "17 requests • 75 KiB",
    "total": 76819,
    "image": 18139,
    "imageCount": 13,
    "script": 7673,
    "scriptCount": 1,
    "document": 32170,
    "font": 15510,
    "fontCount": 1,
    "stylesheet": 3327,
    "stylesheetCount": 1,
    "thirdParty": 15510,
    "thirdPartyCount": 1
  },
  "axe": {
    "passes": 696,
    "violations": 0
  }
}