{
  "url": "https://www.11ty.dev/",
  "requestedUrl": "https://www.11ty.dev/",
  "timestamp": 1603087310592,
  "ranks": {
    "hundos": 1,
    "performance": 2,
    "accessibility": 2,
    "cumulative": 1
  },
  "lighthouse": {
    "version": "6.4.1",
    "performance": 1,
    "accessibility": 1,
    "bestPractices": 1,
    "seo": 1,
    "total": 400
  },
  "firstContentfulPaint": 1355.953,
  "speedIndex": 1355.953,
  "largestContentfulPaint": 1355.953,
  "totalBlockingTime": 0,
  "cumulativeLayoutShift": 0.09366224924723307,
  "timeToInteractive": 1355.953,
  "maxPotentialFirstInputDelay": 43,
  "timeToFirstByte": 79.82,
  "weight": {
    "summary": "18 requests • 77 KiB",
    "total": 79004,
    "image": 20325,
    "imageCount": 14,
    "script": 7655,
    "scriptCount": 1,
    "document": 32180,
    "font": 15550,
    "fontCount": 1,
    "stylesheet": 3294,
    "stylesheetCount": 1,
    "thirdParty": 15550,
    "thirdPartyCount": 1
  },
  "axe": {
    "passes": 696,
    "violations": 0
  }
}