{
  "url": "https://www.11ty.dev/",
  "requestedUrl": "https://www.11ty.dev/",
  "timestamp": 1601445787420,
  "ranks": {
    "hundos": 2,
    "performance": 3,
    "accessibility": 2,
    "cumulative": 1
  },
  "lighthouse": {
    "version": "6.3.0",
    "performance": 0.99,
    "accessibility": 1,
    "bestPractices": 1,
    "seo": 1,
    "total": 399
  },
  "firstContentfulPaint": 1094.063,
  "speedIndex": 1094.063,
  "largestContentfulPaint": 1137.563,
  "totalBlockingTime": 26,
  "cumulativeLayoutShift": 0.15694444444444444,
  "timeToInteractive": 1170.063,
  "maxPotentialFirstInputDelay": 87,
  "timeToFirstByte": 22.39800000000001,
  "weight": {
    "summary": "17 requests • 75 KiB",
    "total": 76881,
    "image": 18177,
    "imageCount": 13,
    "script": 7672,
    "scriptCount": 1,
    "document": 32184,
    "font": 15550,
    "fontCount": 1,
    "stylesheet": 3298,
    "stylesheetCount": 1,
    "thirdParty": 15550,
    "thirdPartyCount": 1
  },
  "axe": {
    "passes": 696,
    "violations": 0
  }
}