{
  "url": "https://www.11ty.dev/",
  "requestedUrl": "https://www.11ty.dev/",
  "timestamp": 1600927307620,
  "ranks": {
    "hundos": 1,
    "performance": 2,
    "accessibility": 2,
    "cumulative": 1
  },
  "lighthouse": {
    "version": "6.3.0",
    "performance": 1,
    "accessibility": 1,
    "bestPractices": 1,
    "seo": 1,
    "total": 400
  },
  "firstContentfulPaint": 1140.04,
  "speedIndex": 1140.04,
  "largestContentfulPaint": 1140.04,
  "totalBlockingTime": 0,
  "cumulativeLayoutShift": 0.09366224924723307,
  "timeToInteractive": 1140.04,
  "maxPotentialFirstInputDelay": 171.0000000000001,
  "timeToFirstByte": 15.515,
  "weight": {
    "summary": "19 requests • 80 KiB",
    "total": 81684,
    "image": 22995,
    "imageCount": 15,
    "script": 7645,
    "scriptCount": 1,
    "document": 32190,
    "font": 15550,
    "fontCount": 1,
    "stylesheet": 3304,
    "stylesheetCount": 1,
    "thirdParty": 15550,
    "thirdPartyCount": 1
  },
  "axe": {
    "passes": 696,
    "violations": 0
  }
}