{
  "url": "https://www.11ty.dev/",
  "requestedUrl": "https://www.11ty.dev/",
  "timestamp": 1600236107958,
  "ranks": {
    "hundos": 1,
    "performance": 1,
    "accessibility": 2,
    "cumulative": 1
  },
  "lighthouse": {
    "version": "6.3.0",
    "performance": 1,
    "accessibility": 1,
    "bestPractices": 1,
    "seo": 1,
    "total": 400
  },
  "firstContentfulPaint": 1068.1309999999999,
  "speedIndex": 1068.1309999999999,
  "largestContentfulPaint": 1068.1309999999999,
  "totalBlockingTime": 0,
  "cumulativeLayoutShift": 0.09366224924723307,
  "timeToInteractive": 1068.1309999999999,
  "maxPotentialFirstInputDelay": 29,
  "timeToFirstByte": 8.760999999999996,
  "weight": {
    "summary": "19 requests • 79 KiB",
    "total": 81048,
    "image": 22370,
    "imageCount": 15,
    "script": 7646,
    "scriptCount": 1,
    "document": 32182,
    "font": 15550,
    "fontCount": 1,
    "stylesheet": 3300,
    "stylesheetCount": 1,
    "thirdParty": 15550,
    "thirdPartyCount": 1
  },
  "axe": {
    "passes": 696,
    "violations": 0
  }
}