{
  "url": "https://www.11ty.dev/",
  "requestedUrl": "https://www.11ty.dev/",
  "timestamp": 1603260209654,
  "ranks": {
    "hundos": 1,
    "performance": 1,
    "accessibility": 2,
    "cumulative": 1
  },
  "lighthouse": {
    "version": "6.4.1",
    "performance": 1,
    "accessibility": 1,
    "bestPractices": 1,
    "seo": 1,
    "total": 400
  },
  "firstContentfulPaint": 1026.8809999999999,
  "speedIndex": 1026.8809999999999,
  "largestContentfulPaint": 1061.3809999999999,
  "totalBlockingTime": 11,
  "cumulativeLayoutShift": 0.09366224924723307,
  "timeToInteractive": 1112.8809999999999,
  "maxPotentialFirstInputDelay": 69,
  "timeToFirstByte": 7.498999999999995,
  "weight": {
    "summary": "20 requests • 79 KiB",
    "total": 81240,
    "image": 22551,
    "imageCount": 16,
    "script": 7645,
    "scriptCount": 1,
    "document": 32186,
    "font": 15531,
    "fontCount": 1,
    "stylesheet": 3327,
    "stylesheetCount": 1,
    "thirdParty": 15531,
    "thirdPartyCount": 1
  },
  "axe": {
    "passes": 696,
    "violations": 0
  }
}