{
  "url": "https://www.11ty.dev/",
  "requestedUrl": "https://www.11ty.dev/",
  "timestamp": 1605420303936,
  "ranks": {
    "hundos": 1,
    "performance": 2,
    "accessibility": 2,
    "cumulative": 1
  },
  "lighthouse": {
    "version": "6.4.1",
    "performance": 1,
    "accessibility": 1,
    "bestPractices": 1,
    "seo": 1,
    "total": 400
  },
  "firstContentfulPaint": 1302.3500000000001,
  "speedIndex": 1302.3500000000001,
  "largestContentfulPaint": 1343.8500000000001,
  "totalBlockingTime": 22,
  "cumulativeLayoutShift": 0.09366224924723307,
  "timeToInteractive": 1374.3500000000001,
  "maxPotentialFirstInputDelay": 83,
  "timeToFirstByte": 68.30200000000002,
  "weight": {
    "summary": "19 requests • 79 KiB",
    "total": 81281,
    "image": 22634,
    "imageCount": 15,
    "script": 7645,
    "scriptCount": 1,
    "document": 32165,
    "font": 15510,
    "fontCount": 1,
    "stylesheet": 3327,
    "stylesheetCount": 1,
    "thirdParty": 15510,
    "thirdPartyCount": 1
  },
  "axe": {
    "passes": 696,
    "violations": 0
  }
}