{
  "url": "https://www.11ty.dev/",
  "requestedUrl": "https://www.11ty.dev/",
  "timestamp": 1605333877530,
  "ranks": {
    "hundos": 2,
    "performance": 3,
    "accessibility": 2,
    "cumulative": 1
  },
  "lighthouse": {
    "version": "6.4.1",
    "performance": 0.99,
    "accessibility": 1,
    "bestPractices": 1,
    "seo": 1,
    "total": 399
  },
  "firstContentfulPaint": 1450.7649999999999,
  "speedIndex": 1802.5556712130183,
  "largestContentfulPaint": 1450.7649999999999,
  "totalBlockingTime": 0,
  "cumulativeLayoutShift": 0.09366224924723307,
  "timeToInteractive": 1450.7649999999999,
  "maxPotentialFirstInputDelay": 46,
  "timeToFirstByte": 308.5,
  "weight": {
    "summary": "20 requests • 81 KiB",
    "total": 82621,
    "image": 23961,
    "imageCount": 16,
    "script": 7645,
    "scriptCount": 1,
    "document": 32179,
    "font": 15509,
    "fontCount": 1,
    "stylesheet": 3327,
    "stylesheetCount": 1,
    "thirdParty": 15509,
    "thirdPartyCount": 1
  },
  "axe": {
    "passes": 696,
    "violations": 0
  }
}