{
  "url": "https://www.11ty.dev/",
  "requestedUrl": "https://www.11ty.dev/",
  "timestamp": 1608444287262,
  "ranks": {
    "hundos": 2,
    "performance": 3,
    "accessibility": 1,
    "cumulative": 1
  },
  "lighthouse": {
    "version": "6.5.0",
    "performance": 0.99,
    "accessibility": 1,
    "bestPractices": 1,
    "seo": 1,
    "total": 399
  },
  "firstContentfulPaint": 1107.187,
  "speedIndex": 1107.187,
  "largestContentfulPaint": 2131.168,
  "totalBlockingTime": 15.5,
  "cumulativeLayoutShift": 0.0958967013888889,
  "timeToInteractive": 1171.687,
  "maxPotentialFirstInputDelay": 81,
  "timeToFirstByte": 21.539,
  "weight": {
    "summary": "15 requests • 194 KiB",
    "total": 198280,
    "image": 138362,
    "imageCount": 11,
    "script": 7808,
    "scriptCount": 1,
    "document": 33179,
    "font": 15510,
    "fontCount": 1,
    "stylesheet": 3421,
    "stylesheetCount": 1,
    "thirdParty": 15510,
    "thirdPartyCount": 1
  },
  "run": {
    "number": 3,
    "total": 3
  },
  "axe": {
    "passes": 813,
    "violations": 0
  }
}