{
  "url": "https://www.11ty.dev/",
  "requestedUrl": "https://www.11ty.dev/",
  "timestamp": 1602050602235,
  "ranks": {
    "hundos": 1,
    "performance": 1,
    "accessibility": 2,
    "cumulative": 1
  },
  "lighthouse": {
    "version": "6.4.1",
    "performance": 1,
    "accessibility": 1,
    "bestPractices": 1,
    "seo": 1,
    "total": 400
  },
  "firstContentfulPaint": 1071.9579999999999,
  "speedIndex": 1071.9579999999999,
  "largestContentfulPaint": 1109.4579999999999,
  "totalBlockingTime": 33.500000000000114,
  "cumulativeLayoutShift": 0.09366224924723307,
  "timeToInteractive": 1202.458,
  "maxPotentialFirstInputDelay": 75,
  "timeToFirstByte": 10.356999999999985,
  "weight": {
    "summary": "20 requests • 81 KiB",
    "total": 83157,
    "image": 24452,
    "imageCount": 16,
    "script": 7645,
    "scriptCount": 1,
    "document": 32183,
    "font": 15550,
    "fontCount": 1,
    "stylesheet": 3327,
    "stylesheetCount": 1,
    "thirdParty": 15550,
    "thirdPartyCount": 1
  },
  "axe": {
    "passes": 696,
    "violations": 0
  }
}