{
  "url": "https://www.11ty.dev/",
  "requestedUrl": "https://www.11ty.dev/",
  "timestamp": 1600754623213,
  "ranks": {
    "hundos": 1,
    "performance": 1,
    "accessibility": 2,
    "cumulative": 1
  },
  "lighthouse": {
    "version": "6.3.0",
    "performance": 1,
    "accessibility": 1,
    "bestPractices": 1,
    "seo": 1,
    "total": 400
  },
  "firstContentfulPaint": 1121.216,
  "speedIndex": 1121.216,
  "largestContentfulPaint": 1121.216,
  "totalBlockingTime": 0,
  "cumulativeLayoutShift": 0.09366224924723307,
  "timeToInteractive": 1121.216,
  "maxPotentialFirstInputDelay": 30,
  "timeToFirstByte": 16.731,
  "weight": {
    "summary": "20 requests • 80 KiB",
    "total": 81495,
    "image": 22799,
    "imageCount": 16,
    "script": 7677,
    "scriptCount": 1,
    "document": 32177,
    "font": 15549,
    "fontCount": 1,
    "stylesheet": 3293,
    "stylesheetCount": 1,
    "thirdParty": 15549,
    "thirdPartyCount": 1
  },
  "axe": {
    "passes": 696,
    "violations": 0
  }
}