{
  "url": "https://www.11ty.dev/",
  "requestedUrl": "https://www.11ty.dev/",
  "timestamp": 1601013700791,
  "ranks": {
    "hundos": 1,
    "performance": 2,
    "accessibility": 2,
    "cumulative": 1
  },
  "lighthouse": {
    "version": "6.3.0",
    "performance": 0.99,
    "accessibility": 1,
    "bestPractices": 1,
    "seo": 1,
    "total": 399
  },
  "firstContentfulPaint": 1205.301,
  "speedIndex": 1205.301,
  "largestContentfulPaint": 1205.301,
  "totalBlockingTime": 2,
  "cumulativeLayoutShift": 0.15694444444444444,
  "timeToInteractive": 1279.301,
  "maxPotentialFirstInputDelay": 54,
  "timeToFirstByte": 16.161,
  "weight": {
    "summary": "18 requests • 77 KiB",
    "total": 78814,
    "image": 20115,
    "imageCount": 14,
    "script": 7678,
    "scriptCount": 1,
    "document": 32177,
    "font": 15550,
    "fontCount": 1,
    "stylesheet": 3294,
    "stylesheetCount": 1,
    "thirdParty": 15550,
    "thirdPartyCount": 1
  },
  "axe": {
    "passes": 696,
    "violations": 0
  }
}