{
  "url": "https://www.11ty.dev/",
  "requestedUrl": "https://www.11ty.dev/",
  "timestamp": 1599804248749,
  "ranks": {
    "hundos": 1,
    "performance": 2,
    "accessibility": 2,
    "cumulative": 1
  },
  "lighthouse": {
    "version": "6.3.0",
    "performance": 1,
    "accessibility": 1,
    "bestPractices": 1,
    "seo": 1,
    "total": 400
  },
  "firstContentfulPaint": 1476.7970000000003,
  "speedIndex": 1476.7970000000003,
  "largestContentfulPaint": 1476.7970000000003,
  "totalBlockingTime": 0,
  "cumulativeLayoutShift": 0.0006124674479166667,
  "timeToInteractive": 1476.7970000000003,
  "maxPotentialFirstInputDelay": 41,
  "timeToFirstByte": 69.22999999999999,
  "weight": {
    "summary": "19 requests • 82 KiB",
    "total": 84472,
    "image": 22966,
    "imageCount": 15,
    "script": 7641,
    "scriptCount": 1,
    "document": 34992,
    "font": 15550,
    "fontCount": 1,
    "stylesheet": 3323,
    "stylesheetCount": 1,
    "thirdParty": 15550,
    "thirdPartyCount": 1
  },
  "axe": {
    "passes": 696,
    "violations": 0
  }
}