{
  "url": "https://www.11ty.dev/",
  "requestedUrl": "https://www.11ty.dev/",
  "timestamp": 1602828199849,
  "ranks": {
    "hundos": 1,
    "performance": 2,
    "accessibility": 2,
    "cumulative": 1
  },
  "lighthouse": {
    "version": "6.4.1",
    "performance": 0.99,
    "accessibility": 1,
    "bestPractices": 1,
    "seo": 1,
    "total": 399
  },
  "firstContentfulPaint": 1458.45,
  "speedIndex": 1813.5348441819392,
  "largestContentfulPaint": 1468.95,
  "totalBlockingTime": 8,
  "cumulativeLayoutShift": 0.09366224924723307,
  "timeToInteractive": 1524.95,
  "maxPotentialFirstInputDelay": 66,
  "timeToFirstByte": 242.31500000000003,
  "weight": {
    "summary": "19 requests • 79 KiB",
    "total": 80879,
    "image": 22220,
    "imageCount": 15,
    "script": 7641,
    "scriptCount": 1,
    "document": 32178,
    "font": 15550,
    "fontCount": 1,
    "stylesheet": 3290,
    "stylesheetCount": 1,
    "thirdParty": 15550,
    "thirdPartyCount": 1
  },
  "axe": {
    "passes": 696,
    "violations": 0
  }
}