{
  "url": "https://www.11ty.dev/",
  "requestedUrl": "https://www.11ty.dev/",
  "timestamp": 1599458606825,
  "ranks": {
    "hundos": 1,
    "performance": 2,
    "accessibility": 2,
    "cumulative": 1
  },
  "lighthouse": {
    "version": "6.3.0",
    "performance": 1,
    "accessibility": 1,
    "bestPractices": 1,
    "seo": 1,
    "total": 400
  },
  "firstContentfulPaint": 1471.684,
  "speedIndex": 1673.7145791390412,
  "largestContentfulPaint": 1482.184,
  "totalBlockingTime": 11.5,
  "cumulativeLayoutShift": 0.0006124674479166667,
  "timeToInteractive": 1544.184,
  "maxPotentialFirstInputDelay": 73,
  "timeToFirstByte": 243.13000000000002,
  "weight": {
    "summary": "18 requests • 77 KiB",
    "total": 78645,
    "image": 19980,
    "imageCount": 14,
    "script": 7640,
    "scriptCount": 1,
    "document": 32181,
    "font": 15550,
    "fontCount": 1,
    "stylesheet": 3294,
    "stylesheetCount": 1,
    "thirdParty": 15550,
    "thirdPartyCount": 1
  },
  "axe": {
    "passes": 696,
    "violations": 0
  }
}