{
  "url": "https://www.11ty.dev/",
  "requestedUrl": "https://www.11ty.dev/",
  "timestamp": 1600581865204,
  "ranks": {
    "hundos": 1,
    "performance": 1,
    "accessibility": 2,
    "cumulative": 1
  },
  "lighthouse": {
    "version": "6.3.0",
    "performance": 1,
    "accessibility": 1,
    "bestPractices": 1,
    "seo": 1,
    "total": 400
  },
  "firstContentfulPaint": 1115.704,
  "speedIndex": 1115.704,
  "largestContentfulPaint": 1115.704,
  "totalBlockingTime": 20,
  "cumulativeLayoutShift": 0.09366224924723307,
  "timeToInteractive": 1210.704,
  "maxPotentialFirstInputDelay": 74,
  "timeToFirstByte": 18.708,
  "weight": {
    "summary": "19 requests • 78 KiB",
    "total": 80308,
    "image": 20991,
    "imageCount": 15,
    "script": 7966,
    "scriptCount": 1,
    "document": 32188,
    "font": 15550,
    "fontCount": 1,
    "stylesheet": 3613,
    "stylesheetCount": 1,
    "thirdParty": 15550,
    "thirdPartyCount": 1
  },
  "axe": {
    "passes": 696,
    "violations": 0
  }
}