{
  "url": "https://www.11ty.dev/",
  "requestedUrl": "https://www.11ty.dev/",
  "timestamp": 1604729083797,
  "ranks": {
    "hundos": 1,
    "performance": 2,
    "accessibility": 2,
    "cumulative": 1
  },
  "lighthouse": {
    "version": "6.4.1",
    "performance": 1,
    "accessibility": 1,
    "bestPractices": 1,
    "seo": 1,
    "total": 400
  },
  "firstContentfulPaint": 1321.792,
  "speedIndex": 1321.792,
  "largestContentfulPaint": 1335.792,
  "totalBlockingTime": 0,
  "cumulativeLayoutShift": 0.09366224924723307,
  "timeToInteractive": 1335.792,
  "maxPotentialFirstInputDelay": 44,
  "timeToFirstByte": 73.90399999999997,
  "weight": {
    "summary": "20 requests • 81 KiB",
    "total": 82905,
    "image": 24191,
    "imageCount": 16,
    "script": 7678,
    "scriptCount": 1,
    "document": 32183,
    "font": 15531,
    "fontCount": 1,
    "stylesheet": 3322,
    "stylesheetCount": 1,
    "thirdParty": 15531,
    "thirdPartyCount": 1
  },
  "axe": {
    "passes": 696,
    "violations": 0
  }
}