{
  "url": "https://www.11ty.dev/",
  "requestedUrl": "https://www.11ty.dev/",
  "timestamp": 1602482742020,
  "ranks": {
    "hundos": 1,
    "performance": 2,
    "accessibility": 2,
    "cumulative": 1
  },
  "lighthouse": {
    "version": "6.4.1",
    "performance": 1,
    "accessibility": 1,
    "bestPractices": 1,
    "seo": 1,
    "total": 400
  },
  "firstContentfulPaint": 1351.736,
  "speedIndex": 1351.736,
  "largestContentfulPaint": 1367.736,
  "totalBlockingTime": 1.5,
  "cumulativeLayoutShift": 0.09366224924723307,
  "timeToInteractive": 1418.236,
  "maxPotentialFirstInputDelay": 182,
  "timeToFirstByte": 72.076,
  "weight": {
    "summary": "19 requests • 80 KiB",
    "total": 81645,
    "image": 22912,
    "imageCount": 15,
    "script": 7678,
    "scriptCount": 1,
    "document": 32183,
    "font": 15550,
    "fontCount": 1,
    "stylesheet": 3322,
    "stylesheetCount": 1,
    "thirdParty": 15550,
    "thirdPartyCount": 1
  },
  "axe": {
    "passes": 696,
    "violations": 0
  }
}