{
  "url": "https://www.11ty.dev/",
  "requestedUrl": "https://www.11ty.dev/",
  "timestamp": 1605765700795,
  "ranks": {
    "hundos": 1,
    "performance": 2,
    "accessibility": 1,
    "cumulative": 1
  },
  "lighthouse": {
    "version": "6.4.1",
    "performance": 1,
    "accessibility": 1,
    "bestPractices": 1,
    "seo": 1,
    "total": 400
  },
  "firstContentfulPaint": 1121.6689999999999,
  "speedIndex": 1121.6689999999999,
  "largestContentfulPaint": 1121.6689999999999,
  "totalBlockingTime": 25.5,
  "cumulativeLayoutShift": 0.09366224924723307,
  "timeToInteractive": 1197.1689999999999,
  "maxPotentialFirstInputDelay": 87,
  "timeToFirstByte": 22.54100000000001,
  "weight": {
    "summary": "19 requests • 79 KiB",
    "total": 80680,
    "image": 21967,
    "imageCount": 15,
    "script": 7650,
    "scriptCount": 1,
    "document": 32227,
    "font": 15509,
    "fontCount": 1,
    "stylesheet": 3327,
    "stylesheetCount": 1,
    "thirdParty": 15509,
    "thirdPartyCount": 1
  },
  "axe": {
    "passes": 696,
    "violations": 0
  }
}