{
  "url": "https://www.11ty.dev/",
  "requestedUrl": "https://www.11ty.dev/",
  "timestamp": 1599717860645,
  "ranks": {
    "hundos": 1,
    "performance": 1,
    "accessibility": 2,
    "cumulative": 1
  },
  "lighthouse": {
    "version": "6.3.0",
    "performance": 1,
    "accessibility": 1,
    "bestPractices": 1,
    "seo": 1,
    "total": 400
  },
  "firstContentfulPaint": 1030.156,
  "speedIndex": 1030.156,
  "largestContentfulPaint": 1069.156,
  "totalBlockingTime": 19,
  "cumulativeLayoutShift": 0.0006124674479166667,
  "timeToInteractive": 1099.156,
  "maxPotentialFirstInputDelay": 78,
  "timeToFirstByte": 11.941000000000003,
  "weight": {
    "summary": "17 requests • 75 KiB",
    "total": 76792,
    "image": 18118,
    "imageCount": 13,
    "script": 7646,
    "scriptCount": 1,
    "document": 32178,
    "font": 15550,
    "fontCount": 1,
    "stylesheet": 3300,
    "stylesheetCount": 1,
    "thirdParty": 15550,
    "thirdPartyCount": 1
  },
  "axe": {
    "passes": 696,
    "violations": 0
  }
}