{
  "url": "https://www.11ty.dev/",
  "requestedUrl": "https://www.11ty.dev/",
  "timestamp": 1600841094465,
  "ranks": {
    "hundos": 1,
    "performance": 2,
    "accessibility": 2,
    "cumulative": 1
  },
  "lighthouse": {
    "version": "6.3.0",
    "performance": 0.99,
    "accessibility": 1,
    "bestPractices": 1,
    "seo": 1,
    "total": 399
  },
  "firstContentfulPaint": 1493.652,
  "speedIndex": 1877.032332839261,
  "largestContentfulPaint": 1493.652,
  "totalBlockingTime": 25.5,
  "cumulativeLayoutShift": 0.09366224924723307,
  "timeToInteractive": 1569.152,
  "maxPotentialFirstInputDelay": 86,
  "timeToFirstByte": 259.52,
  "weight": {
    "summary": "19 requests • 79 KiB",
    "total": 81007,
    "image": 22361,
    "imageCount": 15,
    "script": 7640,
    "scriptCount": 1,
    "document": 32162,
    "font": 15550,
    "fontCount": 1,
    "stylesheet": 3294,
    "stylesheetCount": 1,
    "thirdParty": 15550,
    "thirdPartyCount": 1
  },
  "axe": {
    "passes": 696,
    "violations": 0
  }
}