{
  "url": "https://www.11ty.dev/",
  "requestedUrl": "https://www.11ty.dev/",
  "timestamp": 1602914694318,
  "ranks": {
    "hundos": 1,
    "performance": 2,
    "accessibility": 2,
    "cumulative": 1
  },
  "lighthouse": {
    "version": "6.4.1",
    "performance": 1,
    "accessibility": 1,
    "bestPractices": 1,
    "seo": 1,
    "total": 400
  },
  "firstContentfulPaint": 1053.3909999999998,
  "speedIndex": 1053.3909999999998,
  "largestContentfulPaint": 1053.3909999999998,
  "totalBlockingTime": 14,
  "cumulativeLayoutShift": 0.09366224924723307,
  "timeToInteractive": 1152.8909999999998,
  "maxPotentialFirstInputDelay": 73,
  "timeToFirstByte": 7.909000000000006,
  "weight": {
    "summary": "17 requests • 75 KiB",
    "total": 76800,
    "image": 18082,
    "imageCount": 13,
    "script": 7673,
    "scriptCount": 1,
    "document": 32168,
    "font": 15550,
    "fontCount": 1,
    "stylesheet": 3327,
    "stylesheetCount": 1,
    "thirdParty": 15550,
    "thirdPartyCount": 1
  },
  "axe": {
    "passes": 696,
    "violations": 0
  }
}