{
  "url": "https://www.11ty.dev/",
  "requestedUrl": "https://www.11ty.dev/",
  "timestamp": 1602568891813,
  "ranks": {
    "hundos": 2,
    "performance": 3,
    "accessibility": 1,
    "cumulative": 1
  },
  "lighthouse": {
    "version": "6.4.1",
    "performance": 0.99,
    "accessibility": 1,
    "bestPractices": 1,
    "seo": 1,
    "total": 399
  },
  "firstContentfulPaint": 1126.7399999999998,
  "speedIndex": 1126.7399999999998,
  "largestContentfulPaint": 1210.7399999999998,
  "totalBlockingTime": 107.5,
  "cumulativeLayoutShift": 0.15694444444444444,
  "timeToInteractive": 1284.2399999999998,
  "maxPotentialFirstInputDelay": 168,
  "timeToFirstByte": 27.99000000000001,
  "weight": {
    "summary": "17 requests • 75 KiB",
    "total": 76804,
    "image": 18115,
    "imageCount": 13,
    "script": 7644,
    "scriptCount": 1,
    "document": 32170,
    "font": 15549,
    "fontCount": 1,
    "stylesheet": 3326,
    "stylesheetCount": 1,
    "thirdParty": 15549,
    "thirdPartyCount": 1
  },
  "axe": {
    "passes": 696,
    "violations": 0
  }
}