{
  "url": "https://www.11ty.dev/",
  "requestedUrl": "https://www.11ty.dev/",
  "timestamp": 1604556204079,
  "ranks": {
    "hundos": 1,
    "performance": 1,
    "accessibility": 2,
    "cumulative": 1
  },
  "lighthouse": {
    "version": "6.4.1",
    "performance": 1,
    "accessibility": 1,
    "bestPractices": 1,
    "seo": 1,
    "total": 400
  },
  "firstContentfulPaint": 1062.9389999999999,
  "speedIndex": 1062.9389999999999,
  "largestContentfulPaint": 1098.9389999999999,
  "totalBlockingTime": 11,
  "cumulativeLayoutShift": 0.09366224924723307,
  "timeToInteractive": 1123.4389999999999,
  "maxPotentialFirstInputDelay": 72,
  "timeToFirstByte": 9.153000000000006,
  "weight": {
    "summary": "19 requests • 78 KiB",
    "total": 79643,
    "image": 20956,
    "imageCount": 15,
    "script": 7645,
    "scriptCount": 1,
    "document": 32184,
    "font": 15531,
    "fontCount": 1,
    "stylesheet": 3327,
    "stylesheetCount": 1,
    "thirdParty": 15531,
    "thirdPartyCount": 1
  },
  "axe": {
    "passes": 696,
    "violations": 0
  }
}