{
  "url": "https://vuepress.vuejs.org/",
  "requestedUrl": "https://vuepress.vuejs.org/",
  "timestamp": 1600668258007,
  "ranks": {
    "hundos": 11,
    "performance": 9,
    "accessibility": 5,
    "cumulative": 11
  },
  "lighthouse": {
    "version": "6.3.0",
    "performance": 0.73,
    "accessibility": 0.98,
    "bestPractices": 1,
    "seo": 0.75,
    "total": 346
  },
  "firstContentfulPaint": 1861.2369999999999,
  "speedIndex": 1861.2369999999999,
  "largestContentfulPaint": 4723.897000000001,
  "totalBlockingTime": 431,
  "cumulativeLayoutShift": 0.24607509358723956,
  "timeToInteractive": 2983.9115,
  "maxPotentialFirstInputDelay": 253,
  "timeToFirstByte": 8.324000000000002,
  "weight": {
    "summary": "129 requests • 623 KiB",
    "total": 637828,
    "image": 190080,
    "imageCount": 7,
    "script": 123773,
    "scriptCount": 12,
    "document": 3305,
    "font": 0,
    "fontCount": 0,
    "stylesheet": 11844,
    "stylesheetCount": 1,
    "thirdParty": 63170,
    "thirdPartyCount": 12
  },
  "axe": {
    "passes": 172,
    "violations": 2
  }
}