{
  "url": "https://vuepress.vuejs.org/",
  "requestedUrl": "https://vuepress.vuejs.org/",
  "timestamp": 1601359372014,
  "ranks": {
    "hundos": 11,
    "performance": 10,
    "accessibility": 10,
    "cumulative": 11
  },
  "lighthouse": {
    "version": "6.3.0",
    "performance": 0.67,
    "accessibility": 0.91,
    "bestPractices": 1,
    "seo": 0.75,
    "total": 333
  },
  "firstContentfulPaint": 1649.326,
  "speedIndex": 2241.8642280000468,
  "largestContentfulPaint": 5827.543,
  "totalBlockingTime": 389.5,
  "cumulativeLayoutShift": 0.37508803304036453,
  "timeToInteractive": 4374.812,
  "maxPotentialFirstInputDelay": 196,
  "timeToFirstByte": 235.77900000000002,
  "weight": {
    "summary": "125 requests • 621 KiB",
    "total": 635901,
    "image": 188054,
    "imageCount": 5,
    "script": 124366,
    "scriptCount": 12,
    "document": 3351,
    "font": 0,
    "fontCount": 0,
    "stylesheet": 11875,
    "stylesheetCount": 1,
    "thirdParty": 60180,
    "thirdPartyCount": 8
  },
  "axe": {
    "passes": 187,
    "violations": 3
  }
}