{
  "url": "https://vuepress.vuejs.org/",
  "requestedUrl": "https://vuepress.vuejs.org/",
  "timestamp": 1600841057163,
  "ranks": {
    "hundos": 11,
    "performance": 10,
    "accessibility": 10,
    "cumulative": 11
  },
  "lighthouse": {
    "version": "6.3.0",
    "performance": 0.69,
    "accessibility": 0.91,
    "bestPractices": 1,
    "seo": 0.75,
    "total": 335
  },
  "firstContentfulPaint": 1609.589,
  "speedIndex": 1823.5200997453776,
  "largestContentfulPaint": 6958.5650000000005,
  "totalBlockingTime": 298,
  "cumulativeLayoutShift": 0.2101708984375,
  "timeToInteractive": 4354.832,
  "maxPotentialFirstInputDelay": 198,
  "timeToFirstByte": 95.84200000000001,
  "weight": {
    "summary": "125 requests • 618 KiB",
    "total": 632793,
    "image": 185840,
    "imageCount": 5,
    "script": 123833,
    "scriptCount": 12,
    "document": 3355,
    "font": 0,
    "fontCount": 0,
    "stylesheet": 11877,
    "stylesheetCount": 1,
    "thirdParty": 57913,
    "thirdPartyCount": 8
  },
  "axe": {
    "passes": 184,
    "violations": 3
  }
}