{
  "url": "https://vuepress.vuejs.org/",
  "requestedUrl": "https://vuepress.vuejs.org/",
  "timestamp": 1607407464163,
  "ranks": {
    "hundos": 11,
    "performance": 9,
    "accessibility": 5,
    "cumulative": 11
  },
  "lighthouse": {
    "version": "6.5.0",
    "performance": 0.75,
    "accessibility": 0.98,
    "bestPractices": 1,
    "seo": 0.75,
    "total": 348
  },
  "firstContentfulPaint": 1223.2839999999999,
  "speedIndex": 1259.1101728821664,
  "largestContentfulPaint": 4268.217000000001,
  "totalBlockingTime": 444,
  "cumulativeLayoutShift": 0.23745871225992837,
  "timeToInteractive": 3058.3585000000003,
  "maxPotentialFirstInputDelay": 276.0000000000002,
  "timeToFirstByte": 19.391,
  "weight": {
    "summary": "125 requests • 620 KiB",
    "total": 635223,
    "image": 186386,
    "imageCount": 5,
    "script": 124865,
    "scriptCount": 12,
    "document": 3349,
    "font": 0,
    "fontCount": 0,
    "stylesheet": 11935,
    "stylesheetCount": 1,
    "thirdParty": 58737,
    "thirdPartyCount": 8
  },
  "axe": {
    "passes": 177,
    "violations": 2
  }
}