{
  "url": "https://vuepress.vuejs.org/",
  "requestedUrl": "https://vuepress.vuejs.org/",
  "timestamp": 1599804399763,
  "ranks": {
    "hundos": 11,
    "performance": 8,
    "accessibility": 5,
    "cumulative": 11
  },
  "lighthouse": {
    "version": "6.3.0",
    "performance": 0.79,
    "accessibility": 0.98,
    "bestPractices": 1,
    "seo": 0.75,
    "total": 352
  },
  "firstContentfulPaint": 1964.537,
  "speedIndex": 3005.3130885257187,
  "largestContentfulPaint": 3060.5775000000003,
  "totalBlockingTime": 571.7629999999997,
  "cumulativeLayoutShift": 0,
  "timeToInteractive": 3882.7219999999998,
  "maxPotentialFirstInputDelay": 288,
  "timeToFirstByte": 335.936,
  "weight": {
    "summary": "125 requests • 626 KiB",
    "total": 640970,
    "image": 195366,
    "imageCount": 5,
    "script": 123123,
    "scriptCount": 12,
    "document": 3304,
    "font": 0,
    "fontCount": 0,
    "stylesheet": 11837,
    "stylesheetCount": 1,
    "thirdParty": 67048,
    "thirdPartyCount": 8
  },
  "axe": {
    "passes": 172,
    "violations": 2
  }
}