{
  "url": "https://vuepress.vuejs.org/",
  "requestedUrl": "https://vuepress.vuejs.org/",
  "timestamp": 1603519533101,
  "ranks": {
    "hundos": 9,
    "performance": 8,
    "accessibility": 5,
    "cumulative": 9
  },
  "lighthouse": {
    "version": "6.4.1",
    "performance": 0.81,
    "accessibility": 0.98,
    "bestPractices": 1,
    "seo": 0.75,
    "total": 354
  },
  "firstContentfulPaint": 1240.3899999999999,
  "speedIndex": 1240.3899999999999,
  "largestContentfulPaint": 3848.9700000000007,
  "totalBlockingTime": 359.45000000000005,
  "cumulativeLayoutShift": 0.23745871225992837,
  "timeToInteractive": 3044.22,
  "maxPotentialFirstInputDelay": 240,
  "timeToFirstByte": 14.189,
  "weight": {
    "summary": "125 requests • 649 KiB",
    "total": 664088,
    "image": 215400,
    "imageCount": 5,
    "script": 124855,
    "scriptCount": 12,
    "document": 3348,
    "font": 0,
    "fontCount": 0,
    "stylesheet": 11917,
    "stylesheetCount": 1,
    "thirdParty": 87462,
    "thirdPartyCount": 8
  },
  "axe": {
    "passes": 177,
    "violations": 2
  }
}