{
  "url": "https://vuepress.vuejs.org/",
  "requestedUrl": "https://vuepress.vuejs.org/",
  "timestamp": 1600582005612,
  "ranks": {
    "hundos": 10,
    "performance": 7,
    "accessibility": 5,
    "cumulative": 10
  },
  "lighthouse": {
    "version": "6.3.0",
    "performance": 0.76,
    "accessibility": 0.98,
    "bestPractices": 1,
    "seo": 0.75,
    "total": 349
  },
  "firstContentfulPaint": 1261.6770000000001,
  "speedIndex": 1261.6770000000001,
  "largestContentfulPaint": 3665.592999999999,
  "totalBlockingTime": 541.2570000000001,
  "cumulativeLayoutShift": 0.2658369344075521,
  "timeToInteractive": 3179.8920000000003,
  "maxPotentialFirstInputDelay": 268,
  "timeToFirstByte": 24.112000000000002,
  "weight": {
    "summary": "125 requests • 628 KiB",
    "total": 643373,
    "image": 196452,
    "imageCount": 5,
    "script": 123822,
    "scriptCount": 12,
    "document": 3305,
    "font": 0,
    "fontCount": 0,
    "stylesheet": 11877,
    "stylesheetCount": 1,
    "thirdParty": 68672,
    "thirdPartyCount": 8
  },
  "axe": {
    "passes": 172,
    "violations": 2
  }
}