{
  "url": "https://vuepress.vuejs.org/",
  "requestedUrl": "https://vuepress.vuejs.org/",
  "timestamp": 1604210720022,
  "ranks": {
    "hundos": 8,
    "performance": 7,
    "accessibility": 5,
    "cumulative": 8
  },
  "lighthouse": {
    "version": "6.4.1",
    "performance": 0.83,
    "accessibility": 0.98,
    "bestPractices": 1,
    "seo": 0.75,
    "total": 356
  },
  "firstContentfulPaint": 1187.892,
  "speedIndex": 1187.892,
  "largestContentfulPaint": 3513.8460000000005,
  "totalBlockingTime": 368.09500000000025,
  "cumulativeLayoutShift": 0.23745871225992837,
  "timeToInteractive": 3018.3450000000003,
  "maxPotentialFirstInputDelay": 291,
  "timeToFirstByte": 12.436999999999998,
  "weight": {
    "summary": "125 requests • 620 KiB",
    "total": 634944,
    "image": 185782,
    "imageCount": 5,
    "script": 124805,
    "scriptCount": 12,
    "document": 3350,
    "font": 0,
    "fontCount": 0,
    "stylesheet": 11943,
    "stylesheetCount": 1,
    "thirdParty": 57933,
    "thirdPartyCount": 8
  },
  "axe": {
    "passes": 177,
    "violations": 2
  }
}