{
  "url": "https://vuepress.vuejs.org/",
  "requestedUrl": "https://vuepress.vuejs.org/",
  "timestamp": 1605420262056,
  "ranks": {
    "hundos": 11,
    "performance": 9,
    "accessibility": 5,
    "cumulative": 11
  },
  "lighthouse": {
    "version": "6.4.1",
    "performance": 0.65,
    "accessibility": 0.98,
    "bestPractices": 1,
    "seo": 0.75,
    "total": 338
  },
  "firstContentfulPaint": 1691.248,
  "speedIndex": 1930.773385037229,
  "largestContentfulPaint": 7047.128999999998,
  "totalBlockingTime": 404,
  "cumulativeLayoutShift": 0.22860564931233723,
  "timeToInteractive": 4517.4155,
  "maxPotentialFirstInputDelay": 261,
  "timeToFirstByte": 94.38,
  "weight": {
    "summary": "125 requests • 674 KiB",
    "total": 690295,
    "image": 209318,
    "imageCount": 5,
    "script": 131855,
    "scriptCount": 12,
    "document": 3353,
    "font": 0,
    "fontCount": 0,
    "stylesheet": 12682,
    "stylesheetCount": 1,
    "thirdParty": 81600,
    "thirdPartyCount": 8
  },
  "axe": {
    "passes": 177,
    "violations": 2
  }
}