{
  "url": "https://vuepress.vuejs.org/",
  "requestedUrl": "https://vuepress.vuejs.org/",
  "timestamp": 1603432947560,
  "ranks": {
    "hundos": 11,
    "performance": 8,
    "accessibility": 5,
    "cumulative": 11
  },
  "lighthouse": {
    "version": "6.4.1",
    "performance": 0.76,
    "accessibility": 0.98,
    "bestPractices": 1,
    "seo": 0.75,
    "total": 349
  },
  "firstContentfulPaint": 1880.241,
  "speedIndex": 1880.241,
  "largestContentfulPaint": 4907.461000000002,
  "totalBlockingTime": 288.9725000000001,
  "cumulativeLayoutShift": 0.2658369344075521,
  "timeToInteractive": 3054.2574999999997,
  "maxPotentialFirstInputDelay": 213,
  "timeToFirstByte": 13.554000000000002,
  "weight": {
    "summary": "125 requests • 689 KiB",
    "total": 705976,
    "image": 226001,
    "imageCount": 5,
    "script": 131677,
    "scriptCount": 12,
    "document": 3350,
    "font": 0,
    "fontCount": 0,
    "stylesheet": 12689,
    "stylesheetCount": 1,
    "thirdParty": 98081,
    "thirdPartyCount": 8
  },
  "axe": {
    "passes": 177,
    "violations": 2
  }
}