{
  "url": "https://vuepress.vuejs.org/",
  "requestedUrl": "https://vuepress.vuejs.org/",
  "timestamp": 1608873077174,
  "ranks": {
    "hundos": 10,
    "performance": 9,
    "accessibility": 5,
    "cumulative": 10
  },
  "lighthouse": {
    "version": "6.5.0",
    "performance": 0.78,
    "accessibility": 0.98,
    "bestPractices": 1,
    "seo": 0.75,
    "total": 351
  },
  "firstContentfulPaint": 1154.616,
  "speedIndex": 1154.616,
  "largestContentfulPaint": 4259.951000000001,
  "totalBlockingTime": 354.5,
  "cumulativeLayoutShift": 0.21639335378011068,
  "timeToInteractive": 3150.0609999999997,
  "maxPotentialFirstInputDelay": 239,
  "timeToFirstByte": 20.333999999999996,
  "weight": {
    "summary": "126 requests • 624 KiB",
    "total": 639237,
    "image": 190607,
    "imageCount": 6,
    "script": 124724,
    "scriptCount": 12,
    "document": 3351,
    "font": 0,
    "fontCount": 0,
    "stylesheet": 11963,
    "stylesheetCount": 1,
    "thirdParty": 62905,
    "thirdPartyCount": 9
  },
  "run": {
    "number": 2,
    "total": 3
  },
  "axe": {
    "passes": 177,
    "violations": 2
  }
}