{
  "url": "https://vuepress.vuejs.org/",
  "requestedUrl": "https://vuepress.vuejs.org/",
  "timestamp": 1606975519864,
  "ranks": {
    "hundos": 8,
    "performance": 9,
    "accessibility": 5,
    "cumulative": 8
  },
  "lighthouse": {
    "version": "6.5.0",
    "performance": 0.75,
    "accessibility": 0.98,
    "bestPractices": 1,
    "seo": 0.75,
    "total": 348
  },
  "firstContentfulPaint": 2091.707,
  "speedIndex": 2091.707,
  "largestContentfulPaint": 4036.6389999999997,
  "totalBlockingTime": 470.5,
  "cumulativeLayoutShift": 0.23745871225992837,
  "timeToInteractive": 3065.026,
  "maxPotentialFirstInputDelay": 248,
  "timeToFirstByte": 10.304999999999996,
  "weight": {
    "summary": "125 requests • 620 KiB",
    "total": 635232,
    "image": 185830,
    "imageCount": 5,
    "script": 124796,
    "scriptCount": 12,
    "document": 3353,
    "font": 0,
    "fontCount": 0,
    "stylesheet": 11931,
    "stylesheetCount": 1,
    "thirdParty": 58093,
    "thirdPartyCount": 8
  },
  "axe": {
    "passes": 177,
    "violations": 2
  }
}