{
  "url": "https://vuepress.vuejs.org/",
  "requestedUrl": "https://vuepress.vuejs.org/",
  "timestamp": 1604988253244,
  "ranks": {
    "hundos": 10,
    "performance": 8,
    "accessibility": 5,
    "cumulative": 9
  },
  "lighthouse": {
    "version": "6.4.1",
    "performance": 0.77,
    "accessibility": 0.98,
    "bestPractices": 1,
    "seo": 0.75,
    "total": 350
  },
  "firstContentfulPaint": 1260.04,
  "speedIndex": 1260.04,
  "largestContentfulPaint": 4142.927000000001,
  "totalBlockingTime": 433,
  "cumulativeLayoutShift": 0.21639335378011068,
  "timeToInteractive": 3029.6955,
  "maxPotentialFirstInputDelay": 241,
  "timeToFirstByte": 13.354,
  "weight": {
    "summary": "128 requests • 634 KiB",
    "total": 648840,
    "image": 199681,
    "imageCount": 7,
    "script": 125247,
    "scriptCount": 12,
    "document": 3350,
    "font": 0,
    "fontCount": 0,
    "stylesheet": 11942,
    "stylesheetCount": 1,
    "thirdParty": 72555,
    "thirdPartyCount": 11
  },
  "axe": {
    "passes": 177,
    "violations": 2
  }
}