{
  "url": "https://vuepress.vuejs.org/",
  "requestedUrl": "https://vuepress.vuejs.org/",
  "timestamp": 1599890637736,
  "ranks": {
    "hundos": 11,
    "performance": 8,
    "accessibility": 5,
    "cumulative": 10
  },
  "lighthouse": {
    "version": "6.3.0",
    "performance": 0.82,
    "accessibility": 0.98,
    "bestPractices": 1,
    "seo": 0.75,
    "total": 355
  },
  "firstContentfulPaint": 1199.344,
  "speedIndex": 1199.344,
  "largestContentfulPaint": 3507.839000000001,
  "totalBlockingTime": 401.1624999999999,
  "cumulativeLayoutShift": 0.24607509358723956,
  "timeToInteractive": 3023.6215,
  "maxPotentialFirstInputDelay": 285,
  "timeToFirstByte": 12.685000000000002,
  "weight": {
    "summary": "125 requests • 618 KiB",
    "total": 632737,
    "image": 186415,
    "imageCount": 5,
    "script": 123257,
    "scriptCount": 12,
    "document": 3308,
    "font": 0,
    "fontCount": 0,
    "stylesheet": 11877,
    "stylesheetCount": 1,
    "thirdParty": 58240,
    "thirdPartyCount": 8
  },
  "axe": {
    "passes": 172,
    "violations": 2
  }
}