{
  "url": "https://vuepress.vuejs.org/",
  "requestedUrl": "https://vuepress.vuejs.org/",
  "timestamp": 1606716318098,
  "ranks": {
    "hundos": 8,
    "performance": 9,
    "accessibility": 5,
    "cumulative": 7
  },
  "lighthouse": {
    "version": "6.4.1",
    "performance": 0.82,
    "accessibility": 0.98,
    "bestPractices": 1,
    "seo": 0.75,
    "total": 355
  },
  "firstContentfulPaint": 1173.6930000000002,
  "speedIndex": 1418.7678347233116,
  "largestContentfulPaint": 3818.961,
  "totalBlockingTime": 344.74199999999996,
  "cumulativeLayoutShift": 0.23745871225992837,
  "timeToInteractive": 2570.8109999999997,
  "maxPotentialFirstInputDelay": 300,
  "timeToFirstByte": 11.846000000000004,
  "weight": {
    "summary": "125 requests • 636 KiB",
    "total": 650811,
    "image": 194969,
    "imageCount": 5,
    "script": 124632,
    "scriptCount": 12,
    "document": 3778,
    "font": 0,
    "fontCount": 0,
    "stylesheet": 11966,
    "stylesheetCount": 1,
    "thirdParty": 67176,
    "thirdPartyCount": 8
  },
  "axe": {
    "passes": 177,
    "violations": 2
  }
}