{
  "url": "https://vuepress.vuejs.org/",
  "requestedUrl": "https://vuepress.vuejs.org/",
  "timestamp": 1602137075626,
  "ranks": {
    "hundos": 11,
    "performance": 8,
    "accessibility": 10,
    "cumulative": 11
  },
  "lighthouse": {
    "version": "6.4.1",
    "performance": 0.71,
    "accessibility": 0.91,
    "bestPractices": 1,
    "seo": 0.75,
    "total": 337
  },
  "firstContentfulPaint": 1406.5079999999998,
  "speedIndex": 1406.5079999999998,
  "largestContentfulPaint": 4758.682999999997,
  "totalBlockingTime": 482.5,
  "cumulativeLayoutShift": 0.24607509358723956,
  "timeToInteractive": 3156.8014999999996,
  "maxPotentialFirstInputDelay": 203,
  "timeToFirstByte": 12.079999999999998,
  "weight": {
    "summary": "125 requests • 629 KiB",
    "total": 644008,
    "image": 195658,
    "imageCount": 5,
    "script": 124527,
    "scriptCount": 12,
    "document": 3362,
    "font": 0,
    "fontCount": 0,
    "stylesheet": 11908,
    "stylesheetCount": 1,
    "thirdParty": 67810,
    "thirdPartyCount": 8
  },
  "axe": {
    "passes": 187,
    "violations": 3
  }
}