{
  "url": "https://vuepress.vuejs.org/",
  "requestedUrl": "https://vuepress.vuejs.org/",
  "timestamp": 1606889134616,
  "ranks": {
    "hundos": 8,
    "performance": 9,
    "accessibility": 5,
    "cumulative": 8
  },
  "lighthouse": {
    "version": "6.5.0",
    "performance": 0.75,
    "accessibility": 0.98,
    "bestPractices": 1,
    "seo": 0.75,
    "total": 348
  },
  "firstContentfulPaint": 1179.745,
  "speedIndex": 1179.745,
  "largestContentfulPaint": 4734.469999999999,
  "totalBlockingTime": 363.4275,
  "cumulativeLayoutShift": 0.23745871225992837,
  "timeToInteractive": 3001.3334999999997,
  "maxPotentialFirstInputDelay": 232,
  "timeToFirstByte": 14.417000000000002,
  "weight": {
    "summary": "128 requests • 639 KiB",
    "total": 653868,
    "image": 204166,
    "imageCount": 7,
    "script": 125062,
    "scriptCount": 12,
    "document": 3354,
    "font": 0,
    "fontCount": 0,
    "stylesheet": 11960,
    "stylesheetCount": 1,
    "thirdParty": 76978,
    "thirdPartyCount": 11
  },
  "axe": {
    "passes": 177,
    "violations": 2
  }
}