{
  "url": "https://vuepress.vuejs.org/",
  "requestedUrl": "https://vuepress.vuejs.org/",
  "timestamp": 1600322556826,
  "ranks": {
    "hundos": 11,
    "performance": 8,
    "accessibility": 5,
    "cumulative": 11
  },
  "lighthouse": {
    "version": "6.3.0",
    "performance": 0.78,
    "accessibility": 0.98,
    "bestPractices": 1,
    "seo": 0.75,
    "total": 351
  },
  "firstContentfulPaint": 1256.435,
  "speedIndex": 1608.940037763487,
  "largestContentfulPaint": 4274.110999999998,
  "totalBlockingTime": 351.66150000000016,
  "cumulativeLayoutShift": 0.2658369344075521,
  "timeToInteractive": 3020.9750000000004,
  "maxPotentialFirstInputDelay": 247,
  "timeToFirstByte": 12.902999999999992,
  "weight": {
    "summary": "125 requests • 624 KiB",
    "total": 639416,
    "image": 192593,
    "imageCount": 5,
    "script": 123715,
    "scriptCount": 12,
    "document": 3305,
    "font": 0,
    "fontCount": 0,
    "stylesheet": 11843,
    "stylesheetCount": 1,
    "thirdParty": 64663,
    "thirdPartyCount": 8
  },
  "axe": {
    "passes": 172,
    "violations": 2
  }
}