{
  "url": "https://vuepress.vuejs.org/",
  "requestedUrl": "https://vuepress.vuejs.org/",
  "timestamp": 1605679521843,
  "ranks": {
    "hundos": 8,
    "performance": 7,
    "accessibility": 5,
    "cumulative": 8
  },
  "lighthouse": {
    "version": "6.4.1",
    "performance": 0.86,
    "accessibility": 0.98,
    "bestPractices": 1,
    "seo": 0.75,
    "total": 359
  },
  "firstContentfulPaint": 1215.836,
  "speedIndex": 1215.836,
  "largestContentfulPaint": 3370.6039999999994,
  "totalBlockingTime": 331.5,
  "cumulativeLayoutShift": 0.21639335378011068,
  "timeToInteractive": 3032.7105,
  "maxPotentialFirstInputDelay": 177,
  "timeToFirstByte": 12.966999999999999,
  "weight": {
    "summary": "125 requests • 623 KiB",
    "total": 638117,
    "image": 189422,
    "imageCount": 5,
    "script": 124752,
    "scriptCount": 12,
    "document": 3350,
    "font": 0,
    "fontCount": 0,
    "stylesheet": 11962,
    "stylesheetCount": 1,
    "thirdParty": 61640,
    "thirdPartyCount": 8
  },
  "axe": {
    "passes": 177,
    "violations": 2
  }
}