{
  "url": "https://vuepress.vuejs.org/",
  "requestedUrl": "https://vuepress.vuejs.org/",
  "timestamp": 1607148243394,
  "ranks": {
    "hundos": 11,
    "performance": 11,
    "accessibility": 5,
    "cumulative": 11
  },
  "lighthouse": {
    "version": "6.5.0",
    "performance": 0.71,
    "accessibility": 0.98,
    "bestPractices": 1,
    "seo": 0.75,
    "total": 344
  },
  "firstContentfulPaint": 1632.344,
  "speedIndex": 1806.3427721139924,
  "largestContentfulPaint": 6300.665999999999,
  "totalBlockingTime": 272.5,
  "cumulativeLayoutShift": 0.2101708984375,
  "timeToInteractive": 4522.0109999999995,
  "maxPotentialFirstInputDelay": 202,
  "timeToFirstByte": 89.76899999999998,
  "weight": {
    "summary": "128 requests • 629 KiB",
    "total": 644591,
    "image": 195022,
    "imageCount": 7,
    "script": 125186,
    "scriptCount": 12,
    "document": 3351,
    "font": 0,
    "fontCount": 0,
    "stylesheet": 11963,
    "stylesheetCount": 1,
    "thirdParty": 67874,
    "thirdPartyCount": 11
  },
  "axe": {
    "passes": 177,
    "violations": 2
  }
}