{
  "url": "https://vuepress.vuejs.org/",
  "requestedUrl": "https://vuepress.vuejs.org/",
  "timestamp": 1606802731647,
  "ranks": {
    "hundos": 8,
    "performance": 9,
    "accessibility": 5,
    "cumulative": 8
  },
  "lighthouse": {
    "version": "6.4.1",
    "performance": 0.81,
    "accessibility": 0.98,
    "bestPractices": 1,
    "seo": 0.75,
    "total": 354
  },
  "firstContentfulPaint": 1280.9759999999999,
  "speedIndex": 1280.9759999999999,
  "largestContentfulPaint": 3530.445999999999,
  "totalBlockingTime": 444.5,
  "cumulativeLayoutShift": 0.21639335378011068,
  "timeToInteractive": 3009.1399999999994,
  "maxPotentialFirstInputDelay": 255,
  "timeToFirstByte": 12.123999999999995,
  "weight": {
    "summary": "125 requests • 659 KiB",
    "total": 674899,
    "image": 225991,
    "imageCount": 5,
    "script": 124774,
    "scriptCount": 12,
    "document": 3352,
    "font": 0,
    "fontCount": 0,
    "stylesheet": 11963,
    "stylesheetCount": 1,
    "thirdParty": 98244,
    "thirdPartyCount": 8
  },
  "axe": {
    "passes": 177,
    "violations": 2
  }
}