{
  "url": "https://vuepress.vuejs.org/",
  "requestedUrl": "https://vuepress.vuejs.org/",
  "timestamp": 1600063456871,
  "ranks": {
    "hundos": 9,
    "performance": 7,
    "accessibility": 5,
    "cumulative": 9
  },
  "lighthouse": {
    "version": "6.3.0",
    "performance": 0.87,
    "accessibility": 0.98,
    "bestPractices": 1,
    "seo": 0.75,
    "total": 360
  },
  "firstContentfulPaint": 1247.31,
  "speedIndex": 1630.6171567888625,
  "largestContentfulPaint": 3545.307,
  "totalBlockingTime": 226,
  "cumulativeLayoutShift": 0.24607509358723956,
  "timeToInteractive": 2642.3846756744388,
  "maxPotentialFirstInputDelay": 232,
  "timeToFirstByte": 78.487,
  "weight": {
    "summary": "125 requests • 618 KiB",
    "total": 632785,
    "image": 186454,
    "imageCount": 5,
    "script": 123400,
    "scriptCount": 12,
    "document": 3301,
    "font": 0,
    "fontCount": 0,
    "stylesheet": 11876,
    "stylesheetCount": 1,
    "thirdParty": 58201,
    "thirdPartyCount": 8
  },
  "axe": {
    "passes": 172,
    "violations": 2
  }
}