{
  "url": "https://vuepress.vuejs.org/",
  "requestedUrl": "https://vuepress.vuejs.org/",
  "timestamp": 1601186747374,
  "ranks": {
    "hundos": 11,
    "performance": 8,
    "accessibility": 10,
    "cumulative": 11
  },
  "lighthouse": {
    "version": "6.3.0",
    "performance": 0.73,
    "accessibility": 0.91,
    "bestPractices": 1,
    "seo": 0.75,
    "total": 339
  },
  "firstContentfulPaint": 1226.4260000000002,
  "speedIndex": 1264.1357752618696,
  "largestContentfulPaint": 4130.529999999999,
  "totalBlockingTime": 525.0640000000003,
  "cumulativeLayoutShift": 0.24607509358723956,
  "timeToInteractive": 3027.982,
  "maxPotentialFirstInputDelay": 373,
  "timeToFirstByte": 11.378999999999998,
  "weight": {
    "summary": "126 requests • 619 KiB",
    "total": 633692,
    "image": 186084,
    "imageCount": 6,
    "script": 124066,
    "scriptCount": 12,
    "document": 3346,
    "font": 0,
    "fontCount": 0,
    "stylesheet": 11841,
    "stylesheetCount": 1,
    "thirdParty": 58378,
    "thirdPartyCount": 9
  },
  "axe": {
    "passes": 184,
    "violations": 3
  }
}