{
  "url": "https://vuepress.vuejs.org/",
  "requestedUrl": "https://vuepress.vuejs.org/",
  "timestamp": 1600495556060,
  "ranks": {
    "hundos": 11,
    "performance": 9,
    "accessibility": 5,
    "cumulative": 11
  },
  "lighthouse": {
    "version": "6.3.0",
    "performance": 0.76,
    "accessibility": 0.98,
    "bestPractices": 1,
    "seo": 0.75,
    "total": 349
  },
  "firstContentfulPaint": 1155.799,
  "speedIndex": 1155.799,
  "largestContentfulPaint": 5200.6950000000015,
  "totalBlockingTime": 258,
  "cumulativeLayoutShift": 0.24607509358723956,
  "timeToInteractive": 3017.1050000000005,
  "maxPotentialFirstInputDelay": 161,
  "timeToFirstByte": 21.383000000000003,
  "weight": {
    "summary": "128 requests • 640 KiB",
    "total": 655074,
    "image": 207848,
    "imageCount": 7,
    "script": 123978,
    "scriptCount": 12,
    "document": 3305,
    "font": 0,
    "fontCount": 0,
    "stylesheet": 11844,
    "stylesheetCount": 1,
    "thirdParty": 80418,
    "thirdPartyCount": 11
  },
  "axe": {
    "passes": 172,
    "violations": 2
  }
}