{
  "url": "https://vuepress.vuejs.org/",
  "requestedUrl": "https://vuepress.vuejs.org/",
  "timestamp": 1607752957077,
  "ranks": {
    "hundos": 11,
    "performance": 9,
    "accessibility": 5,
    "cumulative": 11
  },
  "lighthouse": {
    "version": "6.5.0",
    "performance": 0.67,
    "accessibility": 0.98,
    "bestPractices": 1,
    "seo": 0.75,
    "total": 340
  },
  "firstContentfulPaint": 1324.467,
  "speedIndex": 1324.467,
  "largestContentfulPaint": 5287.893999999999,
  "totalBlockingTime": 513.8054999999997,
  "cumulativeLayoutShift": 0.22860564931233723,
  "timeToInteractive": 3827.875,
  "maxPotentialFirstInputDelay": 340,
  "timeToFirstByte": 2.489999999999995,
  "weight": {
    "summary": "125 requests • 628 KiB",
    "total": 642940,
    "image": 194351,
    "imageCount": 5,
    "script": 124742,
    "scriptCount": 12,
    "document": 3349,
    "font": 0,
    "fontCount": 0,
    "stylesheet": 11962,
    "stylesheetCount": 1,
    "thirdParty": 66552,
    "thirdPartyCount": 8
  },
  "axe": {
    "passes": 177,
    "violations": 2
  }
}