{
  "url": "https://vuepress.vuejs.org/",
  "requestedUrl": "https://vuepress.vuejs.org/",
  "timestamp": 1604729045011,
  "ranks": {
    "hundos": 10,
    "performance": 10,
    "accessibility": 5,
    "cumulative": 10
  },
  "lighthouse": {
    "version": "6.4.1",
    "performance": 0.69,
    "accessibility": 0.98,
    "bestPractices": 1,
    "seo": 0.75,
    "total": 342
  },
  "firstContentfulPaint": 1543.326,
  "speedIndex": 1706.9160159999542,
  "largestContentfulPaint": 6519.952000000001,
  "totalBlockingTime": 336.7660000000001,
  "cumulativeLayoutShift": 0.22860564931233723,
  "timeToInteractive": 4144.905000000001,
  "maxPotentialFirstInputDelay": 211,
  "timeToFirstByte": 89.36499999999998,
  "weight": {
    "summary": "125 requests • 631 KiB",
    "total": 645972,
    "image": 194312,
    "imageCount": 5,
    "script": 124886,
    "scriptCount": 12,
    "document": 3776,
    "font": 0,
    "fontCount": 0,
    "stylesheet": 11948,
    "stylesheetCount": 1,
    "thirdParty": 66507,
    "thirdPartyCount": 8
  },
  "axe": {
    "passes": 177,
    "violations": 2
  }
}