{
  "url": "https://vuepress.vuejs.org/",
  "requestedUrl": "https://vuepress.vuejs.org/",
  "timestamp": 1603865159490,
  "ranks": {
    "hundos": 9,
    "performance": 7,
    "accessibility": 5,
    "cumulative": 9
  },
  "lighthouse": {
    "version": "6.4.1",
    "performance": 0.79,
    "accessibility": 0.98,
    "bestPractices": 1,
    "seo": 0.75,
    "total": 352
  },
  "firstContentfulPaint": 1324.1779999999999,
  "speedIndex": 1575.8313766706065,
  "largestContentfulPaint": 4604.010000000001,
  "totalBlockingTime": 271.38200000000006,
  "cumulativeLayoutShift": 0.23745871225992837,
  "timeToInteractive": 2494.504,
  "maxPotentialFirstInputDelay": 223,
  "timeToFirstByte": 10.931000000000001,
  "weight": {
    "summary": "125 requests • 628 KiB",
    "total": 642683,
    "image": 193294,
    "imageCount": 5,
    "script": 124827,
    "scriptCount": 12,
    "document": 3350,
    "font": 0,
    "fontCount": 0,
    "stylesheet": 11946,
    "stylesheetCount": 1,
    "thirdParty": 65318,
    "thirdPartyCount": 8
  },
  "axe": {
    "passes": 177,
    "violations": 2
  }
}