{
  "url": "https://vuepress.vuejs.org/",
  "requestedUrl": "https://vuepress.vuejs.org/",
  "timestamp": 1607493861328,
  "ranks": {
    "hundos": 10,
    "performance": 8,
    "accessibility": 5,
    "cumulative": 10
  },
  "lighthouse": {
    "version": "6.5.0",
    "performance": 0.73,
    "accessibility": 0.98,
    "bestPractices": 1,
    "seo": 0.75,
    "total": 346
  },
  "firstContentfulPaint": 1206.9209999999998,
  "speedIndex": 1206.9209999999998,
  "largestContentfulPaint": 4764.215,
  "totalBlockingTime": 422.5,
  "cumulativeLayoutShift": 0.23745871225992837,
  "timeToInteractive": 3021.0429999999997,
  "maxPotentialFirstInputDelay": 232,
  "timeToFirstByte": 4.172000000000004,
  "weight": {
    "summary": "125 requests • 636 KiB",
    "total": 651664,
    "image": 202972,
    "imageCount": 5,
    "script": 124754,
    "scriptCount": 12,
    "document": 3349,
    "font": 0,
    "fontCount": 0,
    "stylesheet": 11930,
    "stylesheetCount": 1,
    "thirdParty": 75255,
    "thirdPartyCount": 8
  },
  "axe": {
    "passes": 177,
    "violations": 2
  }
}