{
  "url": "https://vuepress.vuejs.org/",
  "requestedUrl": "https://vuepress.vuejs.org/",
  "timestamp": 1608613952668,
  "ranks": {
    "hundos": 11,
    "performance": 9,
    "accessibility": 5,
    "cumulative": 11
  },
  "lighthouse": {
    "version": "6.5.0",
    "performance": 0.73,
    "accessibility": 0.98,
    "bestPractices": 0.93,
    "seo": 0.75,
    "total": 339
  },
  "firstContentfulPaint": 1379.071,
  "speedIndex": 1379.071,
  "largestContentfulPaint": 4035.830999999999,
  "totalBlockingTime": 562.0239999999999,
  "cumulativeLayoutShift": 0.23745871225992837,
  "timeToInteractive": 3145.737,
  "maxPotentialFirstInputDelay": 350,
  "timeToFirstByte": 21.070999999999998,
  "weight": {
    "summary": "124 requests • 617 KiB",
    "total": 631968,
    "image": 183692,
    "imageCount": 4,
    "script": 123694,
    "scriptCount": 12,
    "document": 3353,
    "font": 0,
    "fontCount": 0,
    "stylesheet": 11964,
    "stylesheetCount": 1,
    "thirdParty": 54844,
    "thirdPartyCount": 7
  },
  "run": {
    "number": 2,
    "total": 3
  },
  "axe": {
    "passes": 177,
    "violations": 2
  }
}