{
  "url": "https://vuepress.vuejs.org/",
  "requestedUrl": "https://vuepress.vuejs.org/",
  "timestamp": 1601272949380,
  "ranks": {
    "hundos": 11,
    "performance": 8,
    "accessibility": 10,
    "cumulative": 11
  },
  "lighthouse": {
    "version": "6.3.0",
    "performance": 0.7,
    "accessibility": 0.91,
    "bestPractices": 1,
    "seo": 0.75,
    "total": 336
  },
  "firstContentfulPaint": 1596.2179999999998,
  "speedIndex": 2337.9136038542683,
  "largestContentfulPaint": 6908.643499999999,
  "totalBlockingTime": 251.5,
  "cumulativeLayoutShift": 0.2658369344075521,
  "timeToInteractive": 4309.3225,
  "maxPotentialFirstInputDelay": 186,
  "timeToFirstByte": 91.97199999999998,
  "weight": {
    "summary": "125 requests • 619 KiB",
    "total": 634155,
    "image": 186633,
    "imageCount": 5,
    "script": 123780,
    "scriptCount": 12,
    "document": 3348,
    "font": 0,
    "fontCount": 0,
    "stylesheet": 11875,
    "stylesheetCount": 1,
    "thirdParty": 58640,
    "thirdPartyCount": 8
  },
  "axe": {
    "passes": 184,
    "violations": 3
  }
}