{
  "url": "https://vuepress.vuejs.org/",
  "requestedUrl": "https://vuepress.vuejs.org/",
  "timestamp": 1601013847473,
  "ranks": {
    "hundos": 11,
    "performance": 10,
    "accessibility": 10,
    "cumulative": 11
  },
  "lighthouse": {
    "version": "6.3.0",
    "performance": 0.71,
    "accessibility": 0.91,
    "bestPractices": 0.93,
    "seo": 0.75,
    "total": 330
  },
  "firstContentfulPaint": 1663.803,
  "speedIndex": 1962.8381299999937,
  "largestContentfulPaint": 6586.709499999997,
  "totalBlockingTime": 230,
  "cumulativeLayoutShift": 0.2658369344075521,
  "timeToInteractive": 4230.411999999999,
  "maxPotentialFirstInputDelay": 181,
  "timeToFirstByte": 95.90699999999998,
  "weight": {
    "summary": "124 requests • 615 KiB",
    "total": 629718,
    "image": 183654,
    "imageCount": 4,
    "script": 122815,
    "scriptCount": 12,
    "document": 3356,
    "font": 0,
    "fontCount": 0,
    "stylesheet": 11844,
    "stylesheetCount": 1,
    "thirdParty": 54674,
    "thirdPartyCount": 7
  },
  "axe": {
    "passes": 184,
    "violations": 3
  }
}