{
  "url": "https://vuepress.vuejs.org/",
  "requestedUrl": "https://vuepress.vuejs.org/",
  "timestamp": 1599717828895,
  "ranks": {
    "hundos": 11,
    "performance": 9,
    "accessibility": 5,
    "cumulative": 11
  },
  "lighthouse": {
    "version": "6.3.0",
    "performance": 0.75,
    "accessibility": 0.98,
    "bestPractices": 1,
    "seo": 0.75,
    "total": 348
  },
  "firstContentfulPaint": 1262.661,
  "speedIndex": 1949.6365219999843,
  "largestContentfulPaint": 4769.986,
  "totalBlockingTime": 375.76750000000015,
  "cumulativeLayoutShift": 0.24020800781250004,
  "timeToInteractive": 3044.9655000000002,
  "maxPotentialFirstInputDelay": 258,
  "timeToFirstByte": 12.357999999999947,
  "weight": {
    "summary": "128 requests • 627 KiB",
    "total": 641667,
    "image": 195084,
    "imageCount": 7,
    "script": 123452,
    "scriptCount": 12,
    "document": 3306,
    "font": 0,
    "fontCount": 0,
    "stylesheet": 11876,
    "stylesheetCount": 1,
    "thirdParty": 67306,
    "thirdPartyCount": 11
  },
  "axe": {
    "passes": 172,
    "violations": 2
  }
}