{
  "url": "https://vuepress.vuejs.org/",
  "requestedUrl": "https://vuepress.vuejs.org/",
  "timestamp": 1603173872507,
  "ranks": {
    "hundos": 11,
    "performance": 8,
    "accessibility": 5,
    "cumulative": 11
  },
  "lighthouse": {
    "version": "6.4.1",
    "performance": 0.73,
    "accessibility": 0.98,
    "bestPractices": 1,
    "seo": 0.75,
    "total": 346
  },
  "firstContentfulPaint": 1765.143,
  "speedIndex": 1786.5016539999701,
  "largestContentfulPaint": 4279.243,
  "totalBlockingTime": 423.5,
  "cumulativeLayoutShift": 0.37508803304036453,
  "timeToInteractive": 4398.1625,
  "maxPotentialFirstInputDelay": 205,
  "timeToFirstByte": 91.261,
  "weight": {
    "summary": "125 requests • 630 KiB",
    "total": 645595,
    "image": 194307,
    "imageCount": 5,
    "script": 124965,
    "scriptCount": 12,
    "document": 3348,
    "font": 0,
    "fontCount": 0,
    "stylesheet": 11940,
    "stylesheetCount": 1,
    "thirdParty": 66383,
    "thirdPartyCount": 8
  },
  "axe": {
    "passes": 177,
    "violations": 2
  }
}