{
  "url": "https://vuepress.vuejs.org/",
  "requestedUrl": "https://vuepress.vuejs.org/",
  "timestamp": 1606543370510,
  "ranks": {
    "hundos": 9,
    "performance": 8,
    "accessibility": 5,
    "cumulative": 9
  },
  "lighthouse": {
    "version": "6.4.1",
    "performance": 0.8,
    "accessibility": 0.98,
    "bestPractices": 1,
    "seo": 0.75,
    "total": 353
  },
  "firstContentfulPaint": 1178.5720000000001,
  "speedIndex": 1370.428211263075,
  "largestContentfulPaint": 4273.351999999999,
  "totalBlockingTime": 324.211,
  "cumulativeLayoutShift": 0.21639335378011068,
  "timeToInteractive": 3017.879,
  "maxPotentialFirstInputDelay": 221,
  "timeToFirstByte": 12.753,
  "weight": {
    "summary": "125 requests • 628 KiB",
    "total": 643034,
    "image": 192322,
    "imageCount": 5,
    "script": 124828,
    "scriptCount": 12,
    "document": 3776,
    "font": 0,
    "fontCount": 0,
    "stylesheet": 11961,
    "stylesheetCount": 1,
    "thirdParty": 64597,
    "thirdPartyCount": 8
  },
  "axe": {
    "passes": 177,
    "violations": 2
  }
}