{
  "url": "https://vuepress.vuejs.org/",
  "requestedUrl": "https://vuepress.vuejs.org/",
  "timestamp": 1602914749970,
  "ranks": {
    "hundos": 10,
    "performance": 8,
    "accessibility": 5,
    "cumulative": 10
  },
  "lighthouse": {
    "version": "6.4.1",
    "performance": 0.79,
    "accessibility": 0.98,
    "bestPractices": 1,
    "seo": 0.75,
    "total": 352
  },
  "firstContentfulPaint": 1285.746,
  "speedIndex": 1285.746,
  "largestContentfulPaint": 3513.3880000000013,
  "totalBlockingTime": 472.9350000000002,
  "cumulativeLayoutShift": 0.2658369344075521,
  "timeToInteractive": 3031.315,
  "maxPotentialFirstInputDelay": 333,
  "timeToFirstByte": 13.185999999999993,
  "weight": {
    "summary": "125 requests • 661 KiB",
    "total": 676579,
    "image": 227933,
    "imageCount": 5,
    "script": 124885,
    "scriptCount": 12,
    "document": 3348,
    "font": 0,
    "fontCount": 0,
    "stylesheet": 11945,
    "stylesheetCount": 1,
    "thirdParty": 100002,
    "thirdPartyCount": 8
  },
  "axe": {
    "passes": 177,
    "violations": 2
  }
}