{
  "url": "https://vuepress.vuejs.org/",
  "requestedUrl": "https://vuepress.vuejs.org/",
  "timestamp": 1599545161916,
  "ranks": {
    "hundos": 11,
    "performance": 9,
    "accessibility": 5,
    "cumulative": 11
  },
  "lighthouse": {
    "version": "6.3.0",
    "performance": 0.77,
    "accessibility": 0.98,
    "bestPractices": 1,
    "seo": 0.75,
    "total": 350
  },
  "firstContentfulPaint": 1272.717,
  "speedIndex": 1505.0405170077008,
  "largestContentfulPaint": 4749.842000000001,
  "totalBlockingTime": 303.5,
  "cumulativeLayoutShift": 0.24020800781250004,
  "timeToInteractive": 2726.8716756744384,
  "maxPotentialFirstInputDelay": 327,
  "timeToFirstByte": 18.125,
  "weight": {
    "summary": "123 requests • 656 KiB",
    "total": 671285,
    "image": 225971,
    "imageCount": 5,
    "script": 123333,
    "scriptCount": 12,
    "document": 3703,
    "font": 0,
    "fontCount": 0,
    "stylesheet": 11710,
    "stylesheetCount": 1,
    "thirdParty": 97753,
    "thirdPartyCount": 8
  },
  "axe": {
    "passes": 171,
    "violations": 2
  }
}