{
  "url": "https://vuepress.vuejs.org/",
  "requestedUrl": "https://vuepress.vuejs.org/",
  "timestamp": 1600236230464,
  "ranks": {
    "hundos": 9,
    "performance": 6,
    "accessibility": 5,
    "cumulative": 9
  },
  "lighthouse": {
    "version": "6.3.0",
    "performance": 0.87,
    "accessibility": 0.98,
    "bestPractices": 1,
    "seo": 0.75,
    "total": 360
  },
  "firstContentfulPaint": 1849.424,
  "speedIndex": 1849.424,
  "largestContentfulPaint": 2982.8940000000002,
  "totalBlockingTime": 310.5,
  "cumulativeLayoutShift": 0.2658369344075521,
  "timeToInteractive": 3916.444,
  "maxPotentialFirstInputDelay": 191,
  "timeToFirstByte": 16.546999999999997,
  "weight": {
    "summary": "126 requests • 620 KiB",
    "total": 634487,
    "image": 187548,
    "imageCount": 6,
    "script": 123895,
    "scriptCount": 12,
    "document": 3305,
    "font": 0,
    "fontCount": 0,
    "stylesheet": 11843,
    "stylesheetCount": 1,
    "thirdParty": 59877,
    "thirdPartyCount": 9
  },
  "axe": {
    "passes": 172,
    "violations": 2
  }
}