{
  "url": "https://vuepress.vuejs.org/",
  "requestedUrl": "https://vuepress.vuejs.org/",
  "timestamp": 1607666537715,
  "ranks": {
    "hundos": 10,
    "performance": 8,
    "accessibility": 5,
    "cumulative": 10
  },
  "lighthouse": {
    "version": "6.5.0",
    "performance": 0.78,
    "accessibility": 0.98,
    "bestPractices": 1,
    "seo": 0.75,
    "total": 351
  },
  "firstContentfulPaint": 1866.0110000000004,
  "speedIndex": 1866.0110000000004,
  "largestContentfulPaint": 4413.4220000000005,
  "totalBlockingTime": 330,
  "cumulativeLayoutShift": 0.21639335378011068,
  "timeToInteractive": 3035.1355000000003,
  "maxPotentialFirstInputDelay": 208,
  "timeToFirstByte": 108.05699999999999,
  "weight": {
    "summary": "125 requests • 625 KiB",
    "total": 639985,
    "image": 190654,
    "imageCount": 5,
    "script": 125089,
    "scriptCount": 12,
    "document": 3346,
    "font": 0,
    "fontCount": 0,
    "stylesheet": 11963,
    "stylesheetCount": 1,
    "thirdParty": 63130,
    "thirdPartyCount": 8
  },
  "axe": {
    "passes": 177,
    "violations": 2
  }
}