{
  "url": "https://vuepress.vuejs.org/",
  "requestedUrl": "https://vuepress.vuejs.org/",
  "timestamp": 1605247346663,
  "ranks": {
    "hundos": 10,
    "performance": 7,
    "accessibility": 5,
    "cumulative": 10
  },
  "lighthouse": {
    "version": "6.4.1",
    "performance": 0.87,
    "accessibility": 0.98,
    "bestPractices": 0.93,
    "seo": 0.75,
    "total": 353
  },
  "firstContentfulPaint": 1209.552,
  "speedIndex": 1502.4414634845348,
  "largestContentfulPaint": 3373.8800000000006,
  "totalBlockingTime": 281.5,
  "cumulativeLayoutShift": 0.21639335378011068,
  "timeToInteractive": 2735.3791756744386,
  "maxPotentialFirstInputDelay": 351,
  "timeToFirstByte": 12.794999999999995,
  "weight": {
    "summary": "124 requests • 617 KiB",
    "total": 631300,
    "image": 183672,
    "imageCount": 4,
    "script": 123630,
    "scriptCount": 12,
    "document": 3351,
    "font": 0,
    "fontCount": 0,
    "stylesheet": 11963,
    "stylesheetCount": 1,
    "thirdParty": 54844,
    "thirdPartyCount": 7
  },
  "axe": {
    "passes": 177,
    "violations": 2
  }
}