{
  "url": "https://vuepress.vuejs.org/",
  "requestedUrl": "https://vuepress.vuejs.org/",
  "timestamp": 1603087614920,
  "ranks": {
    "hundos": 11,
    "performance": 9,
    "accessibility": 5,
    "cumulative": 11
  },
  "lighthouse": {
    "version": "6.4.1",
    "performance": 0.71,
    "accessibility": 0.98,
    "bestPractices": 1,
    "seo": 0.75,
    "total": 344
  },
  "firstContentfulPaint": 1661.8630000000003,
  "speedIndex": 1847.6990653713353,
  "largestContentfulPaint": 6419.274500000001,
  "totalBlockingTime": 268.5,
  "cumulativeLayoutShift": 0.2101708984375,
  "timeToInteractive": 4442.902500000001,
  "maxPotentialFirstInputDelay": 183,
  "timeToFirstByte": 90.816,
  "weight": {
    "summary": "125 requests • 639 KiB",
    "total": 654466,
    "image": 203134,
    "imageCount": 5,
    "script": 125055,
    "scriptCount": 12,
    "document": 3350,
    "font": 0,
    "fontCount": 0,
    "stylesheet": 11940,
    "stylesheetCount": 1,
    "thirdParty": 75322,
    "thirdPartyCount": 8
  },
  "axe": {
    "passes": 177,
    "violations": 2
  }
}