{
  "url": "https://www.speedlify.dev/",
  "requestedUrl": "https://www.speedlify.dev/",
  "timestamp": 1603339330003,
  "ranks": {
    "hundos": 1,
    "performance": 1,
    "accessibility": 1,
    "cumulative": 1
  },
  "lighthouse": {
    "version": "6.4.1",
    "performance": 1,
    "accessibility": 1,
    "bestPractices": 1,
    "seo": 1,
    "total": 400
  },
  "firstContentfulPaint": 892.567,
  "speedIndex": 1139.413098000031,
  "largestContentfulPaint": 1159.567,
  "totalBlockingTime": 8.5,
  "cumulativeLayoutShift": 0,
  "timeToInteractive": 1059.567,
  "maxPotentialFirstInputDelay": 67,
  "timeToFirstByte": 178.678,
  "weight": {
    "summary": "4 requests • 45 KiB",
    "total": 46234,
    "image": 0,
    "imageCount": 0,
    "script": 41382,
    "scriptCount": 2,
    "document": 1058,
    "font": 0,
    "fontCount": 0,
    "stylesheet": 3794,
    "stylesheetCount": 1,
    "thirdParty": 0,
    "thirdPartyCount": 0
  },
  "axe": {
    "passes": 141,
    "violations": 5
  }
}