{
  "url": "https://www.speedlify.dev/",
  "requestedUrl": "https://www.speedlify.dev/",
  "timestamp": 1603944115710,
  "ranks": {
    "hundos": 1,
    "performance": 1,
    "accessibility": 1,
    "cumulative": 1
  },
  "lighthouse": {
    "version": "6.4.1",
    "performance": 1,
    "accessibility": 1,
    "bestPractices": 1,
    "seo": 1,
    "total": 400
  },
  "firstContentfulPaint": 900.241,
  "speedIndex": 1213.051597999981,
  "largestContentfulPaint": 900.241,
  "totalBlockingTime": 13,
  "cumulativeLayoutShift": 0,
  "timeToInteractive": 1072.241,
  "maxPotentialFirstInputDelay": 76,
  "timeToFirstByte": 225.781,
  "weight": {
    "summary": "4 requests • 45 KiB",
    "total": 46237,
    "image": 0,
    "imageCount": 0,
    "script": 41384,
    "scriptCount": 2,
    "document": 1061,
    "font": 0,
    "fontCount": 0,
    "stylesheet": 3792,
    "stylesheetCount": 1,
    "thirdParty": 0,
    "thirdPartyCount": 0
  },
  "axe": {
    "passes": 141,
    "violations": 5
  }
}