{
  "url": "https://www.speedlify.dev/",
  "requestedUrl": "https://www.speedlify.dev/",
  "timestamp": 1603252892432,
  "ranks": {
    "hundos": 1,
    "performance": 1,
    "accessibility": 1,
    "cumulative": 1
  },
  "lighthouse": {
    "version": "6.4.1",
    "performance": 1,
    "accessibility": 1,
    "bestPractices": 1,
    "seo": 1,
    "total": 400
  },
  "firstContentfulPaint": 985.733,
  "speedIndex": 1345.317598000015,
  "largestContentfulPaint": 985.733,
  "totalBlockingTime": 6,
  "cumulativeLayoutShift": 0,
  "timeToInteractive": 1134.233,
  "maxPotentialFirstInputDelay": 62,
  "timeToFirstByte": 316.027,
  "weight": {
    "summary": "4 requests • 45 KiB",
    "total": 46244,
    "image": 0,
    "imageCount": 0,
    "script": 41379,
    "scriptCount": 2,
    "document": 1061,
    "font": 0,
    "fontCount": 0,
    "stylesheet": 3804,
    "stylesheetCount": 1,
    "thirdParty": 0,
    "thirdPartyCount": 0
  },
  "axe": {
    "passes": 141,
    "violations": 5
  }
}