{
  "url": "https://www.speedlify.dev/",
  "requestedUrl": "https://www.speedlify.dev/",
  "timestamp": 1605921086481,
  "ranks": {
    "hundos": 1,
    "performance": 1,
    "accessibility": 1,
    "cumulative": 1
  },
  "lighthouse": {
    "version": "6.4.1",
    "performance": 1,
    "accessibility": 1,
    "bestPractices": 1,
    "seo": 1,
    "total": 400
  },
  "firstContentfulPaint": 875.0790000000001,
  "speedIndex": 1125.7190979999355,
  "largestContentfulPaint": 1151.0790000000002,
  "totalBlockingTime": 3.5,
  "cumulativeLayoutShift": 0,
  "timeToInteractive": 1041.5790000000002,
  "maxPotentialFirstInputDelay": 57,
  "timeToFirstByte": 114.44800000000004,
  "weight": {
    "summary": "4 requests • 45 KiB",
    "total": 46228,
    "image": 0,
    "imageCount": 0,
    "script": 41384,
    "scriptCount": 2,
    "document": 1047,
    "font": 0,
    "fontCount": 0,
    "stylesheet": 3797,
    "stylesheetCount": 1,
    "thirdParty": 0,
    "thirdPartyCount": 0
  },
  "axe": {
    "passes": 141,
    "violations": 5
  }
}