{
  "url": "https://www.speedlify.dev/",
  "requestedUrl": "https://www.speedlify.dev/",
  "timestamp": 1607390743073,
  "ranks": {
    "hundos": 1,
    "performance": 1,
    "accessibility": 1,
    "cumulative": 1
  },
  "lighthouse": {
    "version": "6.5.0",
    "performance": 1,
    "accessibility": 1,
    "bestPractices": 1,
    "seo": 1,
    "total": 400
  },
  "firstContentfulPaint": 820.233,
  "speedIndex": 820.233,
  "largestContentfulPaint": 1091.233,
  "totalBlockingTime": 2.5,
  "cumulativeLayoutShift": 0,
  "timeToInteractive": 983.233,
  "maxPotentialFirstInputDelay": 55,
  "timeToFirstByte": 97.369,
  "weight": {
    "summary": "4 requests • 45 KiB",
    "total": 46253,
    "image": 0,
    "imageCount": 0,
    "script": 41386,
    "scriptCount": 2,
    "document": 1048,
    "font": 0,
    "fontCount": 0,
    "stylesheet": 3819,
    "stylesheetCount": 1,
    "thirdParty": 0,
    "thirdPartyCount": 0
  },
  "axe": {
    "passes": 141,
    "violations": 5
  }
}