{
  "url": "https://www.speedlify.dev/",
  "requestedUrl": "https://www.speedlify.dev/",
  "timestamp": 1602302518215,
  "ranks": {
    "hundos": 1,
    "performance": 1,
    "accessibility": 1,
    "cumulative": 1
  },
  "lighthouse": {
    "version": "6.4.1",
    "performance": 1,
    "accessibility": 1,
    "bestPractices": 1,
    "seo": 1,
    "total": 400
  },
  "firstContentfulPaint": 910.271,
  "speedIndex": 1077.1616979999937,
  "largestContentfulPaint": 910.271,
  "totalBlockingTime": 56,
  "cumulativeLayoutShift": 0,
  "timeToInteractive": 1276.271,
  "maxPotentialFirstInputDelay": 106,
  "timeToFirstByte": 84.62900000000002,
  "weight": {
    "summary": "4 requests • 45 KiB",
    "total": 46213,
    "image": 0,
    "imageCount": 0,
    "script": 41356,
    "scriptCount": 2,
    "document": 1059,
    "font": 0,
    "fontCount": 0,
    "stylesheet": 3798,
    "stylesheetCount": 1,
    "thirdParty": 0,
    "thirdPartyCount": 0
  },
  "axe": {
    "passes": 141,
    "violations": 5
  }
}