{
  "url": "https://www.speedlify.dev/",
  "requestedUrl": "https://www.speedlify.dev/",
  "timestamp": 1608341879024,
  "ranks": {
    "hundos": 1,
    "performance": 1,
    "accessibility": 1,
    "cumulative": 1
  },
  "lighthouse": {
    "version": "6.5.0",
    "performance": 1,
    "accessibility": 1,
    "bestPractices": 1,
    "seo": 1,
    "total": 400
  },
  "firstContentfulPaint": 806.456,
  "speedIndex": 806.456,
  "largestContentfulPaint": 1146.4560000000001,
  "totalBlockingTime": 46,
  "cumulativeLayoutShift": 0,
  "timeToInteractive": 1146.4560000000001,
  "maxPotentialFirstInputDelay": 96,
  "timeToFirstByte": 1.8950000000000102,
  "weight": {
    "summary": "4 requests • 46 KiB",
    "total": 46655,
    "image": 0,
    "imageCount": 0,
    "script": 41668,
    "scriptCount": 2,
    "document": 1057,
    "font": 0,
    "fontCount": 0,
    "stylesheet": 3930,
    "stylesheetCount": 1,
    "thirdParty": 0,
    "thirdPartyCount": 0
  },
  "run": {
    "number": 1,
    "total": 3
  },
  "axe": {
    "passes": 141,
    "violations": 5
  }
}