{
  "url": "https://www.speedlify.dev/",
  "requestedUrl": "https://www.speedlify.dev/",
  "timestamp": 1606094058803,
  "ranks": {
    "hundos": 1,
    "performance": 1,
    "accessibility": 1,
    "cumulative": 1
  },
  "lighthouse": {
    "version": "6.4.1",
    "performance": 1,
    "accessibility": 1,
    "bestPractices": 1,
    "seo": 1,
    "total": 400
  },
  "firstContentfulPaint": 935.5699999999999,
  "speedIndex": 1550.7872480000005,
  "largestContentfulPaint": 935.5699999999999,
  "totalBlockingTime": 5,
  "cumulativeLayoutShift": 0,
  "timeToInteractive": 1093.57,
  "maxPotentialFirstInputDelay": 60,
  "timeToFirstByte": 172.84900000000005,
  "weight": {
    "summary": "4 requests • 45 KiB",
    "total": 46241,
    "image": 0,
    "imageCount": 0,
    "script": 41384,
    "scriptCount": 2,
    "document": 1065,
    "font": 0,
    "fontCount": 0,
    "stylesheet": 3792,
    "stylesheetCount": 1,
    "thirdParty": 0,
    "thirdPartyCount": 0
  },
  "axe": {
    "passes": 141,
    "violations": 5
  }
}