{
  "url": "https://www.speedlify.dev/",
  "requestedUrl": "https://www.speedlify.dev/",
  "timestamp": 1606353300837,
  "ranks": {
    "hundos": 1,
    "performance": 1,
    "accessibility": 1,
    "cumulative": 1
  },
  "lighthouse": {
    "version": "6.4.1",
    "performance": 1,
    "accessibility": 1,
    "bestPractices": 1,
    "seo": 1,
    "total": 400
  },
  "firstContentfulPaint": 788.047,
  "speedIndex": 788.047,
  "largestContentfulPaint": 1161.047,
  "totalBlockingTime": 60,
  "cumulativeLayoutShift": 0,
  "timeToInteractive": 1161.047,
  "maxPotentialFirstInputDelay": 110,
  "timeToFirstByte": 7.309999999999999,
  "weight": {
    "summary": "4 requests • 45 KiB",
    "total": 46241,
    "image": 0,
    "imageCount": 0,
    "script": 41365,
    "scriptCount": 2,
    "document": 1048,
    "font": 0,
    "fontCount": 0,
    "stylesheet": 3828,
    "stylesheetCount": 1,
    "thirdParty": 0,
    "thirdPartyCount": 0
  },
  "axe": {
    "passes": 141,
    "violations": 5
  }
}