{
  "url": "https://www.speedlify.dev/",
  "requestedUrl": "https://www.speedlify.dev/",
  "timestamp": 1600495322391,
  "ranks": {
    "hundos": 1,
    "performance": 1,
    "accessibility": 1,
    "cumulative": 1
  },
  "lighthouse": {
    "version": "6.3.0",
    "performance": 1,
    "accessibility": 1,
    "bestPractices": 1,
    "seo": 1,
    "total": 400
  },
  "firstContentfulPaint": 777.225,
  "speedIndex": 777.225,
  "largestContentfulPaint": 1105.225,
  "totalBlockingTime": 2.5,
  "cumulativeLayoutShift": 0,
  "timeToInteractive": 941.2249999999999,
  "maxPotentialFirstInputDelay": 55,
  "timeToFirstByte": 6.168999999999997,
  "weight": {
    "summary": "4 requests • 45 KiB",
    "total": 46245,
    "image": 0,
    "imageCount": 0,
    "script": 41365,
    "scriptCount": 2,
    "document": 1053,
    "font": 0,
    "fontCount": 0,
    "stylesheet": 3827,
    "stylesheetCount": 1,
    "thirdParty": 0,
    "thirdPartyCount": 0
  },
  "axe": {
    "passes": 141,
    "violations": 5
  }
}