{
  "url": "https://www.speedlify.dev/",
  "requestedUrl": "https://www.speedlify.dev/",
  "timestamp": 1607217966734,
  "ranks": {
    "hundos": 1,
    "performance": 1,
    "accessibility": 1,
    "cumulative": 1
  },
  "lighthouse": {
    "version": "6.5.0",
    "performance": 1,
    "accessibility": 1,
    "bestPractices": 1,
    "seo": 1,
    "total": 400
  },
  "firstContentfulPaint": 896.095,
  "speedIndex": 1472.447897999999,
  "largestContentfulPaint": 896.095,
  "totalBlockingTime": 6.5,
  "cumulativeLayoutShift": 0,
  "timeToInteractive": 1081.595,
  "maxPotentialFirstInputDelay": 57,
  "timeToFirstByte": 90.666,
  "weight": {
    "summary": "4 requests • 45 KiB",
    "total": 46228,
    "image": 0,
    "imageCount": 0,
    "script": 41391,
    "scriptCount": 2,
    "document": 1045,
    "font": 0,
    "fontCount": 0,
    "stylesheet": 3792,
    "stylesheetCount": 1,
    "thirdParty": 0,
    "thirdPartyCount": 0
  },
  "axe": {
    "passes": 141,
    "violations": 5
  }
}