{
  "url": "https://www.speedlify.dev/",
  "requestedUrl": "https://www.speedlify.dev/",
  "timestamp": 1603166511905,
  "ranks": {
    "hundos": 1,
    "performance": 1,
    "accessibility": 1,
    "cumulative": 1
  },
  "lighthouse": {
    "version": "6.4.1",
    "performance": 1,
    "accessibility": 1,
    "bestPractices": 1,
    "seo": 1,
    "total": 400
  },
  "firstContentfulPaint": 888.946,
  "speedIndex": 1043.1166480000124,
  "largestContentfulPaint": 888.946,
  "totalBlockingTime": 8.5,
  "cumulativeLayoutShift": 0,
  "timeToInteractive": 1058.946,
  "maxPotentialFirstInputDelay": 67,
  "timeToFirstByte": 73.303,
  "weight": {
    "summary": "4 requests • 45 KiB",
    "total": 46215,
    "image": 0,
    "imageCount": 0,
    "script": 41366,
    "scriptCount": 2,
    "document": 1057,
    "font": 0,
    "fontCount": 0,
    "stylesheet": 3792,
    "stylesheetCount": 1,
    "thirdParty": 0,
    "thirdPartyCount": 0
  },
  "axe": {
    "passes": 141,
    "violations": 5
  }
}