{
  "url": "https://www.speedlify.dev/",
  "requestedUrl": "https://www.speedlify.dev/",
  "timestamp": 1606007661239,
  "ranks": {
    "hundos": 1,
    "performance": 1,
    "accessibility": 1,
    "cumulative": 1
  },
  "lighthouse": {
    "version": "6.4.1",
    "performance": 1,
    "accessibility": 1,
    "bestPractices": 1,
    "seo": 1,
    "total": 400
  },
  "firstContentfulPaint": 875.22,
  "speedIndex": 1053.0177480000023,
  "largestContentfulPaint": 1146.22,
  "totalBlockingTime": 8.5,
  "cumulativeLayoutShift": 0,
  "timeToInteractive": 1044.22,
  "maxPotentialFirstInputDelay": 67,
  "timeToFirstByte": 114.029,
  "weight": {
    "summary": "4 requests • 45 KiB",
    "total": 46235,
    "image": 0,
    "imageCount": 0,
    "script": 41387,
    "scriptCount": 2,
    "document": 1057,
    "font": 0,
    "fontCount": 0,
    "stylesheet": 3791,
    "stylesheetCount": 1,
    "thirdParty": 0,
    "thirdPartyCount": 0
  },
  "axe": {
    "passes": 141,
    "violations": 5
  }
}