{
  "url": "https://www.speedlify.dev/",
  "requestedUrl": "https://www.speedlify.dev/",
  "timestamp": 1604289711469,
  "ranks": {
    "hundos": 1,
    "performance": 1,
    "accessibility": 1,
    "cumulative": 1
  },
  "lighthouse": {
    "version": "6.4.1",
    "performance": 1,
    "accessibility": 1,
    "bestPractices": 1,
    "seo": 1,
    "total": 400
  },
  "firstContentfulPaint": 778.657,
  "speedIndex": 778.657,
  "largestContentfulPaint": 1145.6570000000002,
  "totalBlockingTime": 45,
  "cumulativeLayoutShift": 0,
  "timeToInteractive": 1145.6570000000002,
  "maxPotentialFirstInputDelay": 95,
  "timeToFirstByte": 6.100999999999999,
  "weight": {
    "summary": "4 requests • 45 KiB",
    "total": 46212,
    "image": 0,
    "imageCount": 0,
    "script": 41363,
    "scriptCount": 2,
    "document": 1048,
    "font": 0,
    "fontCount": 0,
    "stylesheet": 3801,
    "stylesheetCount": 1,
    "thirdParty": 0,
    "thirdPartyCount": 0
  },
  "axe": {
    "passes": 141,
    "violations": 5
  }
}