{
  "url": "https://www.speedlify.dev/",
  "requestedUrl": "https://www.speedlify.dev/",
  "timestamp": 1601956937896,
  "ranks": {
    "hundos": 1,
    "performance": 1,
    "accessibility": 1,
    "cumulative": 1
  },
  "lighthouse": {
    "version": "6.4.1",
    "performance": 1,
    "accessibility": 1,
    "bestPractices": 1,
    "seo": 1,
    "total": 400
  },
  "firstContentfulPaint": 841,
  "speedIndex": 841,
  "largestContentfulPaint": 1189,
  "totalBlockingTime": 59,
  "cumulativeLayoutShift": 0,
  "timeToInteractive": 1189,
  "maxPotentialFirstInputDelay": 109,
  "timeToFirstByte": 6.805,
  "weight": {
    "summary": "4 requests • 45 KiB",
    "total": 46216,
    "image": 0,
    "imageCount": 0,
    "script": 41365,
    "scriptCount": 2,
    "document": 1049,
    "font": 0,
    "fontCount": 0,
    "stylesheet": 3802,
    "stylesheetCount": 1,
    "thirdParty": 0,
    "thirdPartyCount": 0
  },
  "axe": {
    "passes": 141,
    "violations": 5
  }
}