{
  "url": "https://www.speedlify.dev/",
  "requestedUrl": "https://www.speedlify.dev/",
  "timestamp": 1602907317632,
  "ranks": {
    "hundos": 1,
    "performance": 1,
    "accessibility": 1,
    "cumulative": 1
  },
  "lighthouse": {
    "version": "6.4.1",
    "performance": 1,
    "accessibility": 1,
    "bestPractices": 1,
    "seo": 1,
    "total": 400
  },
  "firstContentfulPaint": 978.756,
  "speedIndex": 1548.8981479999893,
  "largestContentfulPaint": 978.756,
  "totalBlockingTime": 7,
  "cumulativeLayoutShift": 0,
  "timeToInteractive": 1149.2559999999999,
  "maxPotentialFirstInputDelay": 64,
  "timeToFirstByte": 225.72199999999998,
  "weight": {
    "summary": "4 requests • 45 KiB",
    "total": 46229,
    "image": 0,
    "imageCount": 0,
    "script": 41384,
    "scriptCount": 2,
    "document": 1052,
    "font": 0,
    "fontCount": 0,
    "stylesheet": 3793,
    "stylesheetCount": 1,
    "thirdParty": 0,
    "thirdPartyCount": 0
  },
  "axe": {
    "passes": 141,
    "violations": 5
  }
}