{
  "url": "https://www.speedlify.dev/",
  "requestedUrl": "https://www.speedlify.dev/",
  "timestamp": 1599804137990,
  "ranks": {
    "hundos": 1,
    "performance": 1,
    "accessibility": 1,
    "cumulative": 1
  },
  "lighthouse": {
    "version": "6.3.0",
    "performance": 1,
    "accessibility": 1,
    "bestPractices": 1,
    "seo": 1,
    "total": 400
  },
  "firstContentfulPaint": 967.043,
  "speedIndex": 1559.4398979999382,
  "largestContentfulPaint": 967.043,
  "totalBlockingTime": 52,
  "cumulativeLayoutShift": 0,
  "timeToInteractive": 1339.0430000000001,
  "maxPotentialFirstInputDelay": 102,
  "timeToFirstByte": 208.576,
  "weight": {
    "summary": "4 requests • 45 KiB",
    "total": 46208,
    "image": 0,
    "imageCount": 0,
    "script": 41361,
    "scriptCount": 2,
    "document": 1055,
    "font": 0,
    "fontCount": 0,
    "stylesheet": 3792,
    "stylesheetCount": 1,
    "thirdParty": 0,
    "thirdPartyCount": 0
  },
  "axe": {
    "passes": 141,
    "violations": 5
  }
}