{
  "url": "https://www.speedlify.dev/",
  "requestedUrl": "https://www.speedlify.dev/",
  "timestamp": 1603080102517,
  "ranks": {
    "hundos": 1,
    "performance": 1,
    "accessibility": 1,
    "cumulative": 1
  },
  "lighthouse": {
    "version": "6.4.1",
    "performance": 1,
    "accessibility": 1,
    "bestPractices": 1,
    "seo": 1,
    "total": 400
  },
  "firstContentfulPaint": 969.825,
  "speedIndex": 1516.9255980000391,
  "largestContentfulPaint": 969.825,
  "totalBlockingTime": 44,
  "cumulativeLayoutShift": 0,
  "timeToInteractive": 1328.825,
  "maxPotentialFirstInputDelay": 94,
  "timeToFirstByte": 211.576,
  "weight": {
    "summary": "4 requests • 45 KiB",
    "total": 46213,
    "image": 0,
    "imageCount": 0,
    "script": 41361,
    "scriptCount": 2,
    "document": 1060,
    "font": 0,
    "fontCount": 0,
    "stylesheet": 3792,
    "stylesheetCount": 1,
    "thirdParty": 0,
    "thirdPartyCount": 0
  },
  "axe": {
    "passes": 141,
    "violations": 5
  }
}