{
  "url": "https://www.speedlify.dev/",
  "requestedUrl": "https://www.speedlify.dev/",
  "timestamp": 1604980896473,
  "ranks": {
    "hundos": 1,
    "performance": 1,
    "accessibility": 1,
    "cumulative": 1
  },
  "lighthouse": {
    "version": "6.4.1",
    "performance": 1,
    "accessibility": 1,
    "bestPractices": 1,
    "seo": 1,
    "total": 400
  },
  "firstContentfulPaint": 893.732,
  "speedIndex": 893.732,
  "largestContentfulPaint": 893.732,
  "totalBlockingTime": 2.5,
  "cumulativeLayoutShift": 0,
  "timeToInteractive": 1058.232,
  "maxPotentialFirstInputDelay": 55,
  "timeToFirstByte": 101.363,
  "weight": {
    "summary": "4 requests • 45 KiB",
    "total": 46220,
    "image": 0,
    "imageCount": 0,
    "script": 41356,
    "scriptCount": 2,
    "document": 1066,
    "font": 0,
    "fontCount": 0,
    "stylesheet": 3798,
    "stylesheetCount": 1,
    "thirdParty": 0,
    "thirdPartyCount": 0
  },
  "axe": {
    "passes": 141,
    "violations": 5
  }
}