{
  "url": "https://www.speedlify.dev/",
  "requestedUrl": "https://www.speedlify.dev/",
  "timestamp": 1604462503459,
  "ranks": {
    "hundos": 1,
    "performance": 1,
    "accessibility": 1,
    "cumulative": 1
  },
  "lighthouse": {
    "version": "6.4.1",
    "performance": 1,
    "accessibility": 1,
    "bestPractices": 1,
    "seo": 1,
    "total": 400
  },
  "firstContentfulPaint": 870.616,
  "speedIndex": 870.616,
  "largestContentfulPaint": 870.616,
  "totalBlockingTime": 8.5,
  "cumulativeLayoutShift": 0,
  "timeToInteractive": 1041.616,
  "maxPotentialFirstInputDelay": 67,
  "timeToFirstByte": 97.69200000000001,
  "weight": {
    "summary": "4 requests • 45 KiB",
    "total": 46202,
    "image": 0,
    "imageCount": 0,
    "script": 41358,
    "scriptCount": 2,
    "document": 1052,
    "font": 0,
    "fontCount": 0,
    "stylesheet": 3792,
    "stylesheetCount": 1,
    "thirdParty": 0,
    "thirdPartyCount": 0
  },
  "axe": {
    "passes": 141,
    "violations": 5
  }
}