{
  "url": "https://www.speedlify.dev/",
  "requestedUrl": "https://www.speedlify.dev/",
  "timestamp": 1605488897663,
  "ranks": {
    "hundos": 1,
    "performance": 1,
    "accessibility": 1,
    "cumulative": 1
  },
  "lighthouse": {
    "version": "6.4.1",
    "performance": 1,
    "accessibility": 1,
    "bestPractices": 1,
    "seo": 1,
    "total": 400
  },
  "firstContentfulPaint": 896.58,
  "speedIndex": 938.1745479999761,
  "largestContentfulPaint": 1158.58,
  "totalBlockingTime": 9.5,
  "cumulativeLayoutShift": 0,
  "timeToInteractive": 1062.08,
  "maxPotentialFirstInputDelay": 69,
  "timeToFirstByte": 81.62500000000001,
  "weight": {
    "summary": "4 requests • 45 KiB",
    "total": 46209,
    "image": 0,
    "imageCount": 0,
    "script": 41359,
    "scriptCount": 2,
    "document": 1058,
    "font": 0,
    "fontCount": 0,
    "stylesheet": 3792,
    "stylesheetCount": 1,
    "thirdParty": 0,
    "thirdPartyCount": 0
  },
  "axe": {
    "passes": 141,
    "violations": 5
  }
}