{
  "url": "https://www.speedlify.dev/",
  "requestedUrl": "https://www.speedlify.dev/",
  "timestamp": 1602820905472,
  "ranks": {
    "hundos": 1,
    "performance": 1,
    "accessibility": 1,
    "cumulative": 1
  },
  "lighthouse": {
    "version": "6.4.1",
    "performance": 1,
    "accessibility": 1,
    "bestPractices": 1,
    "seo": 1,
    "total": 400
  },
  "firstContentfulPaint": 788.757,
  "speedIndex": 788.757,
  "largestContentfulPaint": 1112.757,
  "totalBlockingTime": 6,
  "cumulativeLayoutShift": 0,
  "timeToInteractive": 950.7570000000001,
  "maxPotentialFirstInputDelay": 62,
  "timeToFirstByte": 13.626999999999995,
  "weight": {
    "summary": "4 requests • 45 KiB",
    "total": 46251,
    "image": 0,
    "imageCount": 0,
    "script": 41390,
    "scriptCount": 2,
    "document": 1058,
    "font": 0,
    "fontCount": 0,
    "stylesheet": 3803,
    "stylesheetCount": 1,
    "thirdParty": 0,
    "thirdPartyCount": 0
  },
  "axe": {
    "passes": 141,
    "violations": 5
  }
}