{
  "url": "https://www.speedlify.dev/",
  "requestedUrl": "https://www.speedlify.dev/",
  "timestamp": 1600668105819,
  "ranks": {
    "hundos": 1,
    "performance": 1,
    "accessibility": 1,
    "cumulative": 1
  },
  "lighthouse": {
    "version": "6.3.0",
    "performance": 1,
    "accessibility": 1,
    "bestPractices": 1,
    "seo": 1,
    "total": 400
  },
  "firstContentfulPaint": 883.371,
  "speedIndex": 883.371,
  "largestContentfulPaint": 883.371,
  "totalBlockingTime": 5.5,
  "cumulativeLayoutShift": 0,
  "timeToInteractive": 1050.371,
  "maxPotentialFirstInputDelay": 61,
  "timeToFirstByte": 70.679,
  "weight": {
    "summary": "4 requests • 45 KiB",
    "total": 46216,
    "image": 0,
    "imageCount": 0,
    "script": 41361,
    "scriptCount": 2,
    "document": 1057,
    "font": 0,
    "fontCount": 0,
    "stylesheet": 3798,
    "stylesheetCount": 1,
    "thirdParty": 0,
    "thirdPartyCount": 0
  },
  "axe": {
    "passes": 141,
    "violations": 5
  }
}