{
  "url": "https://www.speedlify.dev/",
  "requestedUrl": "https://www.speedlify.dev/",
  "timestamp": 1601442098479,
  "ranks": {
    "hundos": 1,
    "performance": 1,
    "accessibility": 1,
    "cumulative": 1
  },
  "lighthouse": {
    "version": "6.3.0",
    "performance": 1,
    "accessibility": 1,
    "bestPractices": 1,
    "seo": 1,
    "total": 400
  },
  "firstContentfulPaint": 950.0509999999999,
  "speedIndex": 1465.6032979999961,
  "largestContentfulPaint": 950.0509999999999,
  "totalBlockingTime": 36,
  "cumulativeLayoutShift": 0,
  "timeToInteractive": 1304.051,
  "maxPotentialFirstInputDelay": 86,
  "timeToFirstByte": 216.40800000000002,
  "weight": {
    "summary": "4 requests • 45 KiB",
    "total": 46242,
    "image": 0,
    "imageCount": 0,
    "script": 41356,
    "scriptCount": 2,
    "document": 1064,
    "font": 0,
    "fontCount": 0,
    "stylesheet": 3822,
    "stylesheetCount": 1,
    "thirdParty": 0,
    "thirdPartyCount": 0
  },
  "axe": {
    "passes": 141,
    "violations": 5
  }
}