{
  "url": "https://www.speedlify.dev/",
  "requestedUrl": "https://www.speedlify.dev/",
  "timestamp": 1608082465765,
  "ranks": {
    "hundos": 1,
    "performance": 1,
    "accessibility": 1,
    "cumulative": 1
  },
  "lighthouse": {
    "version": "6.5.0",
    "performance": 1,
    "accessibility": 1,
    "bestPractices": 1,
    "seo": 1,
    "total": 400
  },
  "firstContentfulPaint": 822.116,
  "speedIndex": 822.116,
  "largestContentfulPaint": 822.116,
  "totalBlockingTime": 40,
  "cumulativeLayoutShift": 0,
  "timeToInteractive": 1185.116,
  "maxPotentialFirstInputDelay": 90,
  "timeToFirstByte": 79.761,
  "weight": {
    "summary": "4 requests • 45 KiB",
    "total": 46588,
    "image": 0,
    "imageCount": 0,
    "script": 41604,
    "scriptCount": 2,
    "document": 1060,
    "font": 0,
    "fontCount": 0,
    "stylesheet": 3924,
    "stylesheetCount": 1,
    "thirdParty": 0,
    "thirdPartyCount": 0
  },
  "run": {
    "number": 2,
    "total": 3
  },
  "axe": {
    "passes": 141,
    "violations": 5
  }
}