{
  "url": "https://www.speedlify.dev/",
  "requestedUrl": "https://www.speedlify.dev/",
  "timestamp": 1607563727212,
  "ranks": {
    "hundos": 1,
    "performance": 1,
    "accessibility": 1,
    "cumulative": 1
  },
  "lighthouse": {
    "version": "6.5.0",
    "performance": 1,
    "accessibility": 1,
    "bestPractices": 1,
    "seo": 1,
    "total": 400
  },
  "firstContentfulPaint": 813.502,
  "speedIndex": 813.502,
  "largestContentfulPaint": 813.502,
  "totalBlockingTime": 13,
  "cumulativeLayoutShift": 0,
  "timeToInteractive": 989.002,
  "maxPotentialFirstInputDelay": 76,
  "timeToFirstByte": 90.30000000000001,
  "weight": {
    "summary": "4 requests • 45 KiB",
    "total": 46227,
    "image": 0,
    "imageCount": 0,
    "script": 41359,
    "scriptCount": 2,
    "document": 1046,
    "font": 0,
    "fontCount": 0,
    "stylesheet": 3822,
    "stylesheetCount": 1,
    "thirdParty": 0,
    "thirdPartyCount": 0
  },
  "axe": {
    "passes": 141,
    "violations": 5
  }
}