{
  "url": "https://www.speedlify.dev/",
  "requestedUrl": "https://www.speedlify.dev/",
  "timestamp": 1604721699818,
  "ranks": {
    "hundos": 1,
    "performance": 1,
    "accessibility": 1,
    "cumulative": 1
  },
  "lighthouse": {
    "version": "6.4.1",
    "performance": 1,
    "accessibility": 1,
    "bestPractices": 1,
    "seo": 1,
    "total": 400
  },
  "firstContentfulPaint": 907.754,
  "speedIndex": 986.1860480000172,
  "largestContentfulPaint": 907.754,
  "totalBlockingTime": 7.5,
  "cumulativeLayoutShift": 0,
  "timeToInteractive": 1071.254,
  "maxPotentialFirstInputDelay": 65,
  "timeToFirstByte": 92.786,
  "weight": {
    "summary": "4 requests • 45 KiB",
    "total": 46235,
    "image": 0,
    "imageCount": 0,
    "script": 41387,
    "scriptCount": 2,
    "document": 1056,
    "font": 0,
    "fontCount": 0,
    "stylesheet": 3792,
    "stylesheetCount": 1,
    "thirdParty": 0,
    "thirdPartyCount": 0
  },
  "axe": {
    "passes": 141,
    "violations": 5
  }
}