{
  "url": "https://www.speedlify.dev/",
  "requestedUrl": "https://www.speedlify.dev/",
  "timestamp": 1603771314635,
  "ranks": {
    "hundos": 1,
    "performance": 1,
    "accessibility": 1,
    "cumulative": 1
  },
  "lighthouse": {
    "version": "6.4.1",
    "performance": 1,
    "accessibility": 1,
    "bestPractices": 1,
    "seo": 1,
    "total": 400
  },
  "firstContentfulPaint": 885.428,
  "speedIndex": 905.4751480000515,
  "largestContentfulPaint": 885.428,
  "totalBlockingTime": 11,
  "cumulativeLayoutShift": 0,
  "timeToInteractive": 1052.9279999999999,
  "maxPotentialFirstInputDelay": 72,
  "timeToFirstByte": 94.734,
  "weight": {
    "summary": "4 requests • 45 KiB",
    "total": 46232,
    "image": 0,
    "imageCount": 0,
    "script": 41354,
    "scriptCount": 2,
    "document": 1056,
    "font": 0,
    "fontCount": 0,
    "stylesheet": 3822,
    "stylesheetCount": 1,
    "thirdParty": 0,
    "thirdPartyCount": 0
  },
  "axe": {
    "passes": 141,
    "violations": 5
  }
}