{
  "url": "https://www.speedlify.dev/",
  "requestedUrl": "https://www.speedlify.dev/",
  "timestamp": 1606872046442,
  "ranks": {
    "hundos": 1,
    "performance": 1,
    "accessibility": 1,
    "cumulative": 1
  },
  "lighthouse": {
    "version": "6.5.0",
    "performance": 1,
    "accessibility": 1,
    "bestPractices": 1,
    "seo": 1,
    "total": 400
  },
  "firstContentfulPaint": 780.002,
  "speedIndex": 780.002,
  "largestContentfulPaint": 1110.002,
  "totalBlockingTime": 3.5,
  "cumulativeLayoutShift": 0,
  "timeToInteractive": 945.002,
  "maxPotentialFirstInputDelay": 57,
  "timeToFirstByte": 20.625,
  "weight": {
    "summary": "4 requests • 45 KiB",
    "total": 46267,
    "image": 0,
    "imageCount": 0,
    "script": 41371,
    "scriptCount": 2,
    "document": 1066,
    "font": 0,
    "fontCount": 0,
    "stylesheet": 3830,
    "stylesheetCount": 1,
    "thirdParty": 0,
    "thirdPartyCount": 0
  },
  "axe": {
    "passes": 141,
    "violations": 5
  }
}