{
  "url": "https://www.speedlify.dev/",
  "requestedUrl": "https://www.speedlify.dev/",
  "timestamp": 1607477201074,
  "ranks": {
    "hundos": 1,
    "performance": 1,
    "accessibility": 1,
    "cumulative": 1
  },
  "lighthouse": {
    "version": "6.5.0",
    "performance": 1,
    "accessibility": 1,
    "bestPractices": 1,
    "seo": 1,
    "total": 400
  },
  "firstContentfulPaint": 850.789,
  "speedIndex": 850.789,
  "largestContentfulPaint": 850.789,
  "totalBlockingTime": 47,
  "cumulativeLayoutShift": 0,
  "timeToInteractive": 1212.789,
  "maxPotentialFirstInputDelay": 97,
  "timeToFirstByte": 104.295,
  "weight": {
    "summary": "4 requests • 45 KiB",
    "total": 46228,
    "image": 0,
    "imageCount": 0,
    "script": 41384,
    "scriptCount": 2,
    "document": 1047,
    "font": 0,
    "fontCount": 0,
    "stylesheet": 3797,
    "stylesheetCount": 1,
    "thirdParty": 0,
    "thirdPartyCount": 0
  },
  "axe": {
    "passes": 141,
    "violations": 5
  }
}