{
  "url": "https://www.speedlify.dev/",
  "requestedUrl": "https://www.speedlify.dev/",
  "timestamp": 1608774833252,
  "ranks": {
    "hundos": 1,
    "performance": 1,
    "accessibility": 1,
    "cumulative": 1
  },
  "lighthouse": {
    "version": "6.5.0",
    "performance": 1,
    "accessibility": 1,
    "bestPractices": 1,
    "seo": 1,
    "total": 400
  },
  "firstContentfulPaint": 893.808,
  "speedIndex": 1197.8843480000091,
  "largestContentfulPaint": 893.808,
  "totalBlockingTime": 42,
  "cumulativeLayoutShift": 0,
  "timeToInteractive": 1254.808,
  "maxPotentialFirstInputDelay": 92,
  "timeToFirstByte": 210.613,
  "weight": {
    "summary": "4 requests • 46 KiB",
    "total": 46612,
    "image": 0,
    "imageCount": 0,
    "script": 41636,
    "scriptCount": 2,
    "document": 1057,
    "font": 0,
    "fontCount": 0,
    "stylesheet": 3919,
    "stylesheetCount": 1,
    "thirdParty": 0,
    "thirdPartyCount": 0
  },
  "run": {
    "number": 2,
    "total": 3
  },
  "axe": {
    "passes": 141,
    "violations": 5
  }
}