{
  "url": "https://www.speedlify.dev/",
  "requestedUrl": "https://www.speedlify.dev/",
  "timestamp": 1599890494991,
  "ranks": {
    "hundos": 1,
    "performance": 1,
    "accessibility": 1,
    "cumulative": 1
  },
  "lighthouse": {
    "version": "6.3.0",
    "performance": 1,
    "accessibility": 1,
    "bestPractices": 1,
    "seo": 1,
    "total": 400
  },
  "firstContentfulPaint": 853.659,
  "speedIndex": 853.659,
  "largestContentfulPaint": 853.659,
  "totalBlockingTime": 53,
  "cumulativeLayoutShift": 0,
  "timeToInteractive": 1230.659,
  "maxPotentialFirstInputDelay": 103,
  "timeToFirstByte": 76.25,
  "weight": {
    "summary": "4 requests • 45 KiB",
    "total": 46200,
    "image": 0,
    "imageCount": 0,
    "script": 41354,
    "scriptCount": 2,
    "document": 1049,
    "font": 0,
    "fontCount": 0,
    "stylesheet": 3797,
    "stylesheetCount": 1,
    "thirdParty": 0,
    "thirdPartyCount": 0
  },
  "axe": {
    "passes": 141,
    "violations": 5
  }
}