{
  "url": "https://www.speedlify.dev/",
  "requestedUrl": "https://www.speedlify.dev/",
  "timestamp": 1605319314886,
  "ranks": {
    "hundos": 1,
    "performance": 1,
    "accessibility": 1,
    "cumulative": 1
  },
  "lighthouse": {
    "version": "6.4.1",
    "performance": 1,
    "accessibility": 1,
    "bestPractices": 1,
    "seo": 1,
    "total": 400
  },
  "firstContentfulPaint": 782.713,
  "speedIndex": 791.5219980000463,
  "largestContentfulPaint": 782.713,
  "totalBlockingTime": 11,
  "cumulativeLayoutShift": 0,
  "timeToInteractive": 952.713,
  "maxPotentialFirstInputDelay": 72,
  "timeToFirstByte": 68.38400000000001,
  "weight": {
    "summary": "4 requests • 45 KiB",
    "total": 46286,
    "image": 0,
    "imageCount": 0,
    "script": 41392,
    "scriptCount": 2,
    "document": 1065,
    "font": 0,
    "fontCount": 0,
    "stylesheet": 3829,
    "stylesheetCount": 1,
    "thirdParty": 0,
    "thirdPartyCount": 0
  },
  "axe": {
    "passes": 141,
    "violations": 5
  }
}