{
  "url": "https://www.speedlify.dev/",
  "requestedUrl": "https://www.speedlify.dev/",
  "timestamp": 1600236090747,
  "ranks": {
    "hundos": 1,
    "performance": 1,
    "accessibility": 1,
    "cumulative": 1
  },
  "lighthouse": {
    "version": "6.3.0",
    "performance": 1,
    "accessibility": 1,
    "bestPractices": 1,
    "seo": 1,
    "total": 400
  },
  "firstContentfulPaint": 920.3530000000001,
  "speedIndex": 1129.9709979999852,
  "largestContentfulPaint": 1183.353,
  "totalBlockingTime": 2.5,
  "cumulativeLayoutShift": 0,
  "timeToInteractive": 1079.353,
  "maxPotentialFirstInputDelay": 55,
  "timeToFirstByte": 150.705,
  "weight": {
    "summary": "4 requests • 45 KiB",
    "total": 46212,
    "image": 0,
    "imageCount": 0,
    "script": 41359,
    "scriptCount": 2,
    "document": 1056,
    "font": 0,
    "fontCount": 0,
    "stylesheet": 3797,
    "stylesheetCount": 1,
    "thirdParty": 0,
    "thirdPartyCount": 0
  },
  "axe": {
    "passes": 141,
    "violations": 5
  }
}