{
  "url": "https://www.speedlify.dev/",
  "requestedUrl": "https://www.speedlify.dev/",
  "timestamp": 1601182913536,
  "ranks": {
    "hundos": 1,
    "performance": 1,
    "accessibility": 1,
    "cumulative": 1
  },
  "lighthouse": {
    "version": "6.3.0",
    "performance": 1,
    "accessibility": 1,
    "bestPractices": 1,
    "seo": 1,
    "total": 400
  },
  "firstContentfulPaint": 786.203,
  "speedIndex": 786.203,
  "largestContentfulPaint": 1122.203,
  "totalBlockingTime": 10.5,
  "cumulativeLayoutShift": 0,
  "timeToInteractive": 954.203,
  "maxPotentialFirstInputDelay": 71,
  "timeToFirstByte": 18.71,
  "weight": {
    "summary": "4 requests • 45 KiB",
    "total": 46229,
    "image": 0,
    "imageCount": 0,
    "script": 41369,
    "scriptCount": 2,
    "document": 1058,
    "font": 0,
    "fontCount": 0,
    "stylesheet": 3802,
    "stylesheetCount": 1,
    "thirdParty": 0,
    "thirdPartyCount": 0
  },
  "axe": {
    "passes": 141,
    "violations": 5
  }
}