{
  "url": "https://www.speedlify.dev/",
  "requestedUrl": "https://www.speedlify.dev/",
  "timestamp": 1600408917984,
  "ranks": {
    "hundos": 1,
    "performance": 1,
    "accessibility": 1,
    "cumulative": 1
  },
  "lighthouse": {
    "version": "6.3.0",
    "performance": 1,
    "accessibility": 1,
    "bestPractices": 1,
    "seo": 1,
    "total": 400
  },
  "firstContentfulPaint": 981.833,
  "speedIndex": 1742.2977979999255,
  "largestContentfulPaint": 981.833,
  "totalBlockingTime": 1,
  "cumulativeLayoutShift": 0,
  "timeToInteractive": 1088.333,
  "maxPotentialFirstInputDelay": 52,
  "timeToFirstByte": 74.16200000000003,
  "weight": {
    "summary": "4 requests • 45 KiB",
    "total": 46209,
    "image": 0,
    "imageCount": 0,
    "script": 41364,
    "scriptCount": 2,
    "document": 1053,
    "font": 0,
    "fontCount": 0,
    "stylesheet": 3792,
    "stylesheetCount": 1,
    "thirdParty": 0,
    "thirdPartyCount": 0
  },
  "axe": {
    "passes": 141,
    "violations": 5
  }
}