{
  "url": "https://jekyllrb.com/",
  "requestedUrl": "https://jekyllrb.com/",
  "timestamp": 1601532243420,
  "ranks": {
    "hundos": 2,
    "performance": 3,
    "accessibility": 3,
    "cumulative": 2
  },
  "lighthouse": {
    "version": "6.3.0",
    "performance": 0.98,
    "accessibility": 1,
    "bestPractices": 1,
    "seo": 1,
    "total": 398
  },
  "firstContentfulPaint": 1057.127,
  "speedIndex": 1057.127,
  "largestContentfulPaint": 2407.127,
  "totalBlockingTime": 112,
  "cumulativeLayoutShift": 0,
  "timeToInteractive": 2267.084,
  "maxPotentialFirstInputDelay": 148,
  "timeToFirstByte": 8.418,
  "weight": {
    "summary": "10 requests • 195 KiB",
    "total": 199946,
    "image": 72562,
    "imageCount": 3,
    "script": 63421,
    "scriptCount": 2,
    "document": 3626,
    "font": 46471,
    "fontCount": 2,
    "stylesheet": 13803,
    "stylesheetCount": 1,
    "thirdParty": 63484,
    "thirdPartyCount": 3
  },
  "axe": {
    "passes": 249,
    "violations": 6
  }
}