{
  "url": "https://jekyllrb.com/",
  "requestedUrl": "https://jekyllrb.com/",
  "timestamp": 1608012401321,
  "ranks": {
    "hundos": 1,
    "performance": 2,
    "accessibility": 2,
    "cumulative": 2
  },
  "lighthouse": {
    "version": "6.5.0",
    "performance": 0.98,
    "accessibility": 1,
    "bestPractices": 1,
    "seo": 1,
    "total": 398
  },
  "firstContentfulPaint": 1050.664,
  "speedIndex": 1050.664,
  "largestContentfulPaint": 2400.664,
  "totalBlockingTime": 102,
  "cumulativeLayoutShift": 0,
  "timeToInteractive": 2269.353,
  "maxPotentialFirstInputDelay": 152,
  "timeToFirstByte": 1.7219999999999995,
  "weight": {
    "summary": "10 requests • 196 KiB",
    "total": 200383,
    "image": 72651,
    "imageCount": 3,
    "script": 63848,
    "scriptCount": 2,
    "document": 3626,
    "font": 46346,
    "fontCount": 2,
    "stylesheet": 13848,
    "stylesheetCount": 1,
    "thirdParty": 63912,
    "thirdPartyCount": 3
  },
  "run": {
    "number": 3,
    "total": 3
  },
  "axe": {
    "passes": 242,
    "violations": 6
  }
}