{
  "url": "https://jekyllrb.com/",
  "requestedUrl": "https://jekyllrb.com/",
  "timestamp": 1607839558867,
  "ranks": {
    "hundos": 1,
    "performance": 2,
    "accessibility": 2,
    "cumulative": 2
  },
  "lighthouse": {
    "version": "6.5.0",
    "performance": 0.99,
    "accessibility": 1,
    "bestPractices": 1,
    "seo": 1,
    "total": 399
  },
  "firstContentfulPaint": 1051.866,
  "speedIndex": 1051.866,
  "largestContentfulPaint": 2034.2780000000002,
  "totalBlockingTime": 94,
  "cumulativeLayoutShift": 0,
  "timeToInteractive": 2259.2780000000002,
  "maxPotentialFirstInputDelay": 144,
  "timeToFirstByte": 5.604999999999999,
  "weight": {
    "summary": "10 requests • 196 KiB",
    "total": 200445,
    "image": 72684,
    "imageCount": 3,
    "script": 63848,
    "scriptCount": 2,
    "document": 3625,
    "font": 46379,
    "fontCount": 2,
    "stylesheet": 13845,
    "stylesheetCount": 1,
    "thirdParty": 63912,
    "thirdPartyCount": 3
  },
  "run": {
    "number": 3,
    "total": 3
  },
  "axe": {
    "passes": 242,
    "violations": 6
  }
}