{
  "url": "https://jekyllrb.com/",
  "requestedUrl": "https://jekyllrb.com/",
  "timestamp": 1604297179451,
  "ranks": {
    "hundos": 2,
    "performance": 3,
    "accessibility": 3,
    "cumulative": 2
  },
  "lighthouse": {
    "version": "6.4.1",
    "performance": 0.98,
    "accessibility": 1,
    "bestPractices": 1,
    "seo": 1,
    "total": 398
  },
  "firstContentfulPaint": 1058.08,
  "speedIndex": 1058.08,
  "largestContentfulPaint": 2408.08,
  "totalBlockingTime": 87,
  "cumulativeLayoutShift": 0,
  "timeToInteractive": 2258.825,
  "maxPotentialFirstInputDelay": 137,
  "timeToFirstByte": 5.379000000000001,
  "weight": {
    "summary": "10 requests • 196 KiB",
    "total": 200204,
    "image": 72580,
    "imageCount": 3,
    "script": 63593,
    "scriptCount": 2,
    "document": 3627,
    "font": 46428,
    "fontCount": 2,
    "stylesheet": 13912,
    "stylesheetCount": 1,
    "thirdParty": 63657,
    "thirdPartyCount": 3
  },
  "axe": {
    "passes": 249,
    "violations": 6
  }
}