{
  "url": "https://jekyllrb.com/",
  "requestedUrl": "https://jekyllrb.com/",
  "timestamp": 1604729063751,
  "ranks": {
    "hundos": 2,
    "performance": 3,
    "accessibility": 3,
    "cumulative": 2
  },
  "lighthouse": {
    "version": "6.4.1",
    "performance": 0.99,
    "accessibility": 1,
    "bestPractices": 1,
    "seo": 1,
    "total": 399
  },
  "firstContentfulPaint": 1055.933,
  "speedIndex": 1055.933,
  "largestContentfulPaint": 2021.2489999999998,
  "totalBlockingTime": 90,
  "cumulativeLayoutShift": 0,
  "timeToInteractive": 2246.249,
  "maxPotentialFirstInputDelay": 126,
  "timeToFirstByte": 11.899000000000001,
  "weight": {
    "summary": "10 requests • 196 KiB",
    "total": 200236,
    "image": 72710,
    "imageCount": 3,
    "script": 63605,
    "scriptCount": 2,
    "document": 3628,
    "font": 46424,
    "fontCount": 2,
    "stylesheet": 13805,
    "stylesheetCount": 1,
    "thirdParty": 63669,
    "thirdPartyCount": 3
  },
  "axe": {
    "passes": 249,
    "violations": 6
  }
}