{
  "url": "https://jekyllrb.com/",
  "requestedUrl": "https://jekyllrb.com/",
  "timestamp": 1602223564193,
  "ranks": {
    "hundos": 1,
    "performance": 2,
    "accessibility": 3,
    "cumulative": 2
  },
  "lighthouse": {
    "version": "6.4.1",
    "performance": 0.99,
    "accessibility": 1,
    "bestPractices": 1,
    "seo": 1,
    "total": 399
  },
  "firstContentfulPaint": 1051.574,
  "speedIndex": 1051.574,
  "largestContentfulPaint": 1951.574,
  "totalBlockingTime": 70,
  "cumulativeLayoutShift": 0,
  "timeToInteractive": 2238.9,
  "maxPotentialFirstInputDelay": 120,
  "timeToFirstByte": 2.1659999999999995,
  "weight": {
    "summary": "10 requests • 195 KiB",
    "total": 200008,
    "image": 72618,
    "imageCount": 3,
    "script": 63421,
    "scriptCount": 2,
    "document": 3626,
    "font": 46402,
    "fontCount": 2,
    "stylesheet": 13878,
    "stylesheetCount": 1,
    "thirdParty": 63484,
    "thirdPartyCount": 3
  },
  "axe": {
    "passes": 249,
    "violations": 6
  }
}