{
  "url": "https://jekyllrb.com/",
  "requestedUrl": "https://jekyllrb.com/",
  "timestamp": 1604124282054,
  "ranks": {
    "hundos": 2,
    "performance": 3,
    "accessibility": 3,
    "cumulative": 2
  },
  "lighthouse": {
    "version": "6.4.1",
    "performance": 0.99,
    "accessibility": 1,
    "bestPractices": 1,
    "seo": 1,
    "total": 399
  },
  "firstContentfulPaint": 1052.442,
  "speedIndex": 1052.442,
  "largestContentfulPaint": 2074.705,
  "totalBlockingTime": 144,
  "cumulativeLayoutShift": 0,
  "timeToInteractive": 2299.705,
  "maxPotentialFirstInputDelay": 187,
  "timeToFirstByte": 77.44500000000001,
  "weight": {
    "summary": "10 requests • 195 KiB",
    "total": 200104,
    "image": 72606,
    "imageCount": 3,
    "script": 63577,
    "scriptCount": 2,
    "document": 3626,
    "font": 46404,
    "fontCount": 2,
    "stylesheet": 13827,
    "stylesheetCount": 1,
    "thirdParty": 63641,
    "thirdPartyCount": 3
  },
  "axe": {
    "passes": 249,
    "violations": 6
  }
}