{
  "url": "https://jekyllrb.com/",
  "requestedUrl": "https://jekyllrb.com/",
  "timestamp": 1606370774620,
  "ranks": {
    "hundos": 1,
    "performance": 2,
    "accessibility": 2,
    "cumulative": 2
  },
  "lighthouse": {
    "version": "6.4.1",
    "performance": 0.99,
    "accessibility": 1,
    "bestPractices": 1,
    "seo": 1,
    "total": 399
  },
  "firstContentfulPaint": 1050.964,
  "speedIndex": 1050.964,
  "largestContentfulPaint": 2059.8469999999998,
  "totalBlockingTime": 149,
  "cumulativeLayoutShift": 0,
  "timeToInteractive": 2284.8469999999998,
  "maxPotentialFirstInputDelay": 169,
  "timeToFirstByte": 5.576000000000002,
  "weight": {
    "summary": "10 requests • 195 KiB",
    "total": 200160,
    "image": 72659,
    "imageCount": 3,
    "script": 63589,
    "scriptCount": 2,
    "document": 3638,
    "font": 46364,
    "fontCount": 2,
    "stylesheet": 13846,
    "stylesheetCount": 1,
    "thirdParty": 63653,
    "thirdPartyCount": 3
  },
  "axe": {
    "passes": 242,
    "violations": 6
  }
}