{
  "url": "https://jekyllrb.com/",
  "requestedUrl": "https://jekyllrb.com/",
  "timestamp": 1607753169141,
  "ranks": {
    "hundos": 1,
    "performance": 2,
    "accessibility": 2,
    "cumulative": 2
  },
  "lighthouse": {
    "version": "6.5.0",
    "performance": 0.99,
    "accessibility": 1,
    "bestPractices": 1,
    "seo": 1,
    "total": 399
  },
  "firstContentfulPaint": 1050.6860000000001,
  "speedIndex": 1050.6860000000001,
  "largestContentfulPaint": 2053.937,
  "totalBlockingTime": 126,
  "cumulativeLayoutShift": 0,
  "timeToInteractive": 2278.9370000000004,
  "maxPotentialFirstInputDelay": 159,
  "timeToFirstByte": 1.101,
  "weight": {
    "summary": "10 requests • 196 KiB",
    "total": 200449,
    "image": 72688,
    "imageCount": 3,
    "script": 63848,
    "scriptCount": 2,
    "document": 3623,
    "font": 46357,
    "fontCount": 2,
    "stylesheet": 13869,
    "stylesheetCount": 1,
    "thirdParty": 63912,
    "thirdPartyCount": 3
  },
  "axe": {
    "passes": 242,
    "violations": 6
  }
}