{
  "url": "https://jekyllrb.com/",
  "requestedUrl": "https://jekyllrb.com/",
  "timestamp": 1601791509267,
  "ranks": {
    "hundos": 2,
    "performance": 3,
    "accessibility": 3,
    "cumulative": 2
  },
  "lighthouse": {
    "version": "6.4.1",
    "performance": 0.98,
    "accessibility": 1,
    "bestPractices": 1,
    "seo": 1,
    "total": 398
  },
  "firstContentfulPaint": 1138.412,
  "speedIndex": 1138.412,
  "largestContentfulPaint": 2185.777,
  "totalBlockingTime": 184,
  "cumulativeLayoutShift": 0,
  "timeToInteractive": 2410.777,
  "maxPotentialFirstInputDelay": 206,
  "timeToFirstByte": 11.337,
  "weight": {
    "summary": "10 requests • 195 KiB",
    "total": 199971,
    "image": 72552,
    "imageCount": 3,
    "script": 63411,
    "scriptCount": 2,
    "document": 3625,
    "font": 46453,
    "fontCount": 2,
    "stylesheet": 13867,
    "stylesheetCount": 1,
    "thirdParty": 63474,
    "thirdPartyCount": 3
  },
  "axe": {
    "passes": 249,
    "violations": 6
  }
}