{
  "url": "https://jekyllrb.com/",
  "requestedUrl": "https://jekyllrb.com/",
  "timestamp": 1605852333173,
  "ranks": {
    "hundos": 1,
    "performance": 2,
    "accessibility": 2,
    "cumulative": 2
  },
  "lighthouse": {
    "version": "6.4.1",
    "performance": 0.99,
    "accessibility": 1,
    "bestPractices": 1,
    "seo": 1,
    "total": 399
  },
  "firstContentfulPaint": 1052.336,
  "speedIndex": 1052.336,
  "largestContentfulPaint": 2102.3360000000002,
  "totalBlockingTime": 87,
  "cumulativeLayoutShift": 0,
  "timeToInteractive": 2242.7290000000003,
  "maxPotentialFirstInputDelay": 126,
  "timeToFirstByte": 5.518000000000001,
  "weight": {
    "summary": "10 requests • 195 KiB",
    "total": 200114,
    "image": 72648,
    "imageCount": 3,
    "script": 63580,
    "scriptCount": 2,
    "document": 3623,
    "font": 46351,
    "fontCount": 2,
    "stylesheet": 13848,
    "stylesheetCount": 1,
    "thirdParty": 63644,
    "thirdPartyCount": 3
  },
  "axe": {
    "passes": 242,
    "violations": 6
  }
}