{
  "url": "https://jekyllrb.com/",
  "requestedUrl": "https://jekyllrb.com/",
  "timestamp": 1599890571837,
  "ranks": {
    "hundos": 2,
    "performance": 3,
    "accessibility": 3,
    "cumulative": 2
  },
  "lighthouse": {
    "version": "6.3.0",
    "performance": 0.96,
    "accessibility": 1,
    "bestPractices": 1,
    "seo": 1,
    "total": 396
  },
  "firstContentfulPaint": 1096.94,
  "speedIndex": 1096.94,
  "largestContentfulPaint": 2494.6440000000002,
  "totalBlockingTime": 196,
  "cumulativeLayoutShift": 0,
  "timeToInteractive": 2419.6440000000002,
  "maxPotentialFirstInputDelay": 294,
  "timeToFirstByte": 5.825000000000003,
  "weight": {
    "summary": "10 requests • 195 KiB",
    "total": 199702,
    "image": 72556,
    "imageCount": 3,
    "script": 63120,
    "scriptCount": 2,
    "document": 3627,
    "font": 46478,
    "fontCount": 2,
    "stylesheet": 13859,
    "stylesheetCount": 1,
    "thirdParty": 63182,
    "thirdPartyCount": 3
  },
  "axe": {
    "passes": 249,
    "violations": 6
  }
}