{
  "url": "https://jekyllrb.com/",
  "requestedUrl": "https://jekyllrb.com/",
  "timestamp": 1604988272422,
  "ranks": {
    "hundos": 2,
    "performance": 3,
    "accessibility": 3,
    "cumulative": 2
  },
  "lighthouse": {
    "version": "6.4.1",
    "performance": 0.98,
    "accessibility": 1,
    "bestPractices": 1,
    "seo": 1,
    "total": 398
  },
  "firstContentfulPaint": 1057.054,
  "speedIndex": 1057.054,
  "largestContentfulPaint": 2402.385,
  "totalBlockingTime": 98,
  "cumulativeLayoutShift": 0,
  "timeToInteractive": 2247.7160000000003,
  "maxPotentialFirstInputDelay": 129,
  "timeToFirstByte": 6.1080000000000005,
  "weight": {
    "summary": "10 requests • 195 KiB",
    "total": 200180,
    "image": 72641,
    "imageCount": 3,
    "script": 63605,
    "scriptCount": 2,
    "document": 3625,
    "font": 46444,
    "fontCount": 2,
    "stylesheet": 13801,
    "stylesheetCount": 1,
    "thirdParty": 63669,
    "thirdPartyCount": 3
  },
  "axe": {
    "passes": 249,
    "violations": 6
  }
}