{
  "url": "https://jekyllrb.com/",
  "requestedUrl": "https://jekyllrb.com/",
  "timestamp": 1608613972365,
  "ranks": {
    "hundos": 1,
    "performance": 2,
    "accessibility": 2,
    "cumulative": 2
  },
  "lighthouse": {
    "version": "6.5.0",
    "performance": 0.99,
    "accessibility": 1,
    "bestPractices": 1,
    "seo": 1,
    "total": 399
  },
  "firstContentfulPaint": 1059.637,
  "speedIndex": 1059.637,
  "largestContentfulPaint": 2045.8559999999998,
  "totalBlockingTime": 115,
  "cumulativeLayoutShift": 0,
  "timeToInteractive": 2270.8559999999998,
  "maxPotentialFirstInputDelay": 145,
  "timeToFirstByte": 5.875,
  "weight": {
    "summary": "10 requests • 196 KiB",
    "total": 200421,
    "image": 72558,
    "imageCount": 3,
    "script": 63847,
    "scriptCount": 2,
    "document": 3625,
    "font": 46426,
    "fontCount": 2,
    "stylesheet": 13901,
    "stylesheetCount": 1,
    "thirdParty": 63911,
    "thirdPartyCount": 3
  },
  "run": {
    "number": 2,
    "total": 3
  },
  "axe": {
    "passes": 242,
    "violations": 6
  }
}