{
  "url": "https://jekyllrb.com/",
  "requestedUrl": "https://jekyllrb.com/",
  "timestamp": 1602914770602,
  "ranks": {
    "hundos": 2,
    "performance": 3,
    "accessibility": 3,
    "cumulative": 2
  },
  "lighthouse": {
    "version": "6.4.1",
    "performance": 0.98,
    "accessibility": 1,
    "bestPractices": 1,
    "seo": 1,
    "total": 398
  },
  "firstContentfulPaint": 1055.934,
  "speedIndex": 1055.934,
  "largestContentfulPaint": 2405.934,
  "totalBlockingTime": 92,
  "cumulativeLayoutShift": 0,
  "timeToInteractive": 2262.849,
  "maxPotentialFirstInputDelay": 142,
  "timeToFirstByte": 5.831000000000001,
  "weight": {
    "summary": "10 requests • 195 KiB",
    "total": 200019,
    "image": 72597,
    "imageCount": 3,
    "script": 63422,
    "scriptCount": 2,
    "document": 3626,
    "font": 46502,
    "fontCount": 2,
    "stylesheet": 13808,
    "stylesheetCount": 1,
    "thirdParty": 63486,
    "thirdPartyCount": 3
  },
  "axe": {
    "passes": 249,
    "violations": 6
  }
}