{
  "url": "https://jekyllrb.com/",
  "requestedUrl": "https://jekyllrb.com/",
  "timestamp": 1608873013204,
  "ranks": {
    "hundos": 2,
    "performance": 3,
    "accessibility": 2,
    "cumulative": 2
  },
  "lighthouse": {
    "version": "6.5.0",
    "performance": 0.98,
    "accessibility": 1,
    "bestPractices": 1,
    "seo": 1,
    "total": 398
  },
  "firstContentfulPaint": 963.376,
  "speedIndex": 963.376,
  "largestContentfulPaint": 2246.2524999999996,
  "totalBlockingTime": 27.5,
  "cumulativeLayoutShift": 0,
  "timeToInteractive": 2158.129,
  "maxPotentialFirstInputDelay": 105,
  "timeToFirstByte": 17.583000000000006,
  "weight": {
    "summary": "10 requests • 196 KiB",
    "total": 200361,
    "image": 72663,
    "imageCount": 3,
    "script": 63809,
    "scriptCount": 2,
    "document": 3628,
    "font": 46333,
    "fontCount": 2,
    "stylesheet": 13864,
    "stylesheetCount": 1,
    "thirdParty": 63873,
    "thirdPartyCount": 3
  },
  "run": {
    "number": 1,
    "total": 3
  },
  "axe": {
    "passes": 242,
    "violations": 6
  }
}