{
  "url": "https://jekyllrb.com/",
  "requestedUrl": "https://jekyllrb.com/",
  "timestamp": 1606889153625,
  "ranks": {
    "hundos": 1,
    "performance": 2,
    "accessibility": 2,
    "cumulative": 2
  },
  "lighthouse": {
    "version": "6.5.0",
    "performance": 0.99,
    "accessibility": 1,
    "bestPractices": 1,
    "seo": 1,
    "total": 399
  },
  "firstContentfulPaint": 1051.005,
  "speedIndex": 1051.005,
  "largestContentfulPaint": 2034.6080000000002,
  "totalBlockingTime": 109,
  "cumulativeLayoutShift": 0,
  "timeToInteractive": 2259.608,
  "maxPotentialFirstInputDelay": 144,
  "timeToFirstByte": 5.507,
  "weight": {
    "summary": "10 requests • 195 KiB",
    "total": 200123,
    "image": 72661,
    "imageCount": 3,
    "script": 63580,
    "scriptCount": 2,
    "document": 3626,
    "font": 46347,
    "fontCount": 2,
    "stylesheet": 13845,
    "stylesheetCount": 1,
    "thirdParty": 63644,
    "thirdPartyCount": 3
  },
  "axe": {
    "passes": 242,
    "violations": 6
  }
}