{
  "url": "https://jekyllrb.com/",
  "requestedUrl": "https://jekyllrb.com/",
  "timestamp": 1599458672758,
  "ranks": {
    "hundos": 2,
    "performance": 3,
    "accessibility": 3,
    "cumulative": 2
  },
  "lighthouse": {
    "version": "6.3.0",
    "performance": 0.99,
    "accessibility": 1,
    "bestPractices": 1,
    "seo": 1,
    "total": 399
  },
  "firstContentfulPaint": 1130.225,
  "speedIndex": 1130.225,
  "largestContentfulPaint": 2201.2479999999996,
  "totalBlockingTime": 129,
  "cumulativeLayoutShift": 0,
  "timeToInteractive": 2351.2479999999996,
  "maxPotentialFirstInputDelay": 158,
  "timeToFirstByte": 2.242,
  "weight": {
    "summary": "10 requests • 195 KiB",
    "total": 199707,
    "image": 72488,
    "imageCount": 3,
    "script": 63126,
    "scriptCount": 2,
    "document": 3626,
    "font": 46503,
    "fontCount": 2,
    "stylesheet": 13902,
    "stylesheetCount": 1,
    "thirdParty": 63188,
    "thirdPartyCount": 3
  },
  "axe": {
    "passes": 249,
    "violations": 6
  }
}