{
  "url": "https://jekyllrb.com/",
  "requestedUrl": "https://jekyllrb.com/",
  "timestamp": 1600495573311,
  "ranks": {
    "hundos": 2,
    "performance": 3,
    "accessibility": 3,
    "cumulative": 2
  },
  "lighthouse": {
    "version": "6.3.0",
    "performance": 0.98,
    "accessibility": 1,
    "bestPractices": 1,
    "seo": 1,
    "total": 398
  },
  "firstContentfulPaint": 1052.847,
  "speedIndex": 1052.847,
  "largestContentfulPaint": 2394.6935,
  "totalBlockingTime": 68,
  "cumulativeLayoutShift": 0,
  "timeToInteractive": 2236.54,
  "maxPotentialFirstInputDelay": 118,
  "timeToFirstByte": 6.010999999999999,
  "weight": {
    "summary": "10 requests • 195 KiB",
    "total": 200008,
    "image": 72545,
    "imageCount": 3,
    "script": 63411,
    "scriptCount": 2,
    "document": 3625,
    "font": 46407,
    "fontCount": 2,
    "stylesheet": 13957,
    "stylesheetCount": 1,
    "thirdParty": 63474,
    "thirdPartyCount": 3
  },
  "axe": {
    "passes": 249,
    "violations": 6
  }
}