{
  "url": "https://jekyllrb.com/",
  "requestedUrl": "https://jekyllrb.com/",
  "timestamp": 1605333951419,
  "ranks": {
    "hundos": 1,
    "performance": 2,
    "accessibility": 3,
    "cumulative": 2
  },
  "lighthouse": {
    "version": "6.4.1",
    "performance": 0.99,
    "accessibility": 1,
    "bestPractices": 1,
    "seo": 1,
    "total": 399
  },
  "firstContentfulPaint": 1050.484,
  "speedIndex": 1050.484,
  "largestContentfulPaint": 2015.35,
  "totalBlockingTime": 96,
  "cumulativeLayoutShift": 0,
  "timeToInteractive": 2240.3499999999995,
  "maxPotentialFirstInputDelay": 127,
  "timeToFirstByte": 1.891000000000001,
  "weight": {
    "summary": "10 requests • 195 KiB",
    "total": 200151,
    "image": 72661,
    "imageCount": 3,
    "script": 63607,
    "scriptCount": 2,
    "document": 3624,
    "font": 46350,
    "fontCount": 2,
    "stylesheet": 13845,
    "stylesheetCount": 1,
    "thirdParty": 63671,
    "thirdPartyCount": 3
  },
  "axe": {
    "passes": 249,
    "violations": 6
  }
}