{
  "url": "https://jekyllrb.com/",
  "requestedUrl": "https://jekyllrb.com/",
  "timestamp": 1604037922173,
  "ranks": {
    "hundos": 2,
    "performance": 3,
    "accessibility": 3,
    "cumulative": 2
  },
  "lighthouse": {
    "version": "6.4.1",
    "performance": 0.98,
    "accessibility": 1,
    "bestPractices": 1,
    "seo": 1,
    "total": 398
  },
  "firstContentfulPaint": 1126.274,
  "speedIndex": 1126.274,
  "largestContentfulPaint": 2350.0049999999997,
  "totalBlockingTime": 145,
  "cumulativeLayoutShift": 0,
  "timeToInteractive": 2350.0049999999997,
  "maxPotentialFirstInputDelay": 158,
  "timeToFirstByte": 2.3099999999999996,
  "weight": {
    "summary": "10 requests • 195 KiB",
    "total": 200087,
    "image": 72529,
    "imageCount": 3,
    "script": 63577,
    "scriptCount": 2,
    "document": 3625,
    "font": 46482,
    "fontCount": 2,
    "stylesheet": 13810,
    "stylesheetCount": 1,
    "thirdParty": 63641,
    "thirdPartyCount": 3
  },
  "axe": {
    "passes": 249,
    "violations": 6
  }
}