{
  "url": "https://jekyllrb.com/",
  "requestedUrl": "https://jekyllrb.com/",
  "timestamp": 1605161064152,
  "ranks": {
    "hundos": 2,
    "performance": 3,
    "accessibility": 3,
    "cumulative": 2
  },
  "lighthouse": {
    "version": "6.4.1",
    "performance": 0.99,
    "accessibility": 1,
    "bestPractices": 1,
    "seo": 1,
    "total": 399
  },
  "firstContentfulPaint": 1056.37,
  "speedIndex": 1056.37,
  "largestContentfulPaint": 2039.5319999999997,
  "totalBlockingTime": 109,
  "cumulativeLayoutShift": 0,
  "timeToInteractive": 2264.532,
  "maxPotentialFirstInputDelay": 144,
  "timeToFirstByte": 6.936999999999999,
  "weight": {
    "summary": "10 requests • 195 KiB",
    "total": 200149,
    "image": 72532,
    "imageCount": 3,
    "script": 63580,
    "scriptCount": 2,
    "document": 3623,
    "font": 46342,
    "fontCount": 2,
    "stylesheet": 14008,
    "stylesheetCount": 1,
    "thirdParty": 63644,
    "thirdPartyCount": 3
  },
  "axe": {
    "passes": 249,
    "violations": 6
  }
}