{
  "url": "https://jekyllrb.com/",
  "requestedUrl": "https://jekyllrb.com/",
  "timestamp": 1608098659044,
  "ranks": {
    "hundos": 1,
    "performance": 2,
    "accessibility": 2,
    "cumulative": 2
  },
  "lighthouse": {
    "version": "6.5.0",
    "performance": 0.99,
    "accessibility": 1,
    "bestPractices": 1,
    "seo": 1,
    "total": 399
  },
  "firstContentfulPaint": 1057.9589999999998,
  "speedIndex": 1057.9589999999998,
  "largestContentfulPaint": 2023.9389999999999,
  "totalBlockingTime": 85,
  "cumulativeLayoutShift": 0,
  "timeToInteractive": 2248.939,
  "maxPotentialFirstInputDelay": 123,
  "timeToFirstByte": 8.491999999999999,
  "weight": {
    "summary": "10 requests • 196 KiB",
    "total": 200413,
    "image": 72651,
    "imageCount": 3,
    "script": 63848,
    "scriptCount": 2,
    "document": 3626,
    "font": 46376,
    "fontCount": 2,
    "stylesheet": 13848,
    "stylesheetCount": 1,
    "thirdParty": 63912,
    "thirdPartyCount": 3
  },
  "run": {
    "number": 2,
    "total": 3
  },
  "axe": {
    "passes": 242,
    "violations": 6
  }
}