{
  "url": "https://jekyllrb.com/",
  "requestedUrl": "https://jekyllrb.com/",
  "timestamp": 1606457173475,
  "ranks": {
    "hundos": 2,
    "performance": 3,
    "accessibility": 2,
    "cumulative": 2
  },
  "lighthouse": {
    "version": "6.4.1",
    "performance": 0.98,
    "accessibility": 1,
    "bestPractices": 1,
    "seo": 1,
    "total": 398
  },
  "firstContentfulPaint": 1053.4360000000001,
  "speedIndex": 1053.4360000000001,
  "largestContentfulPaint": 2258.795,
  "totalBlockingTime": 114,
  "cumulativeLayoutShift": 0,
  "timeToInteractive": 2258.795,
  "maxPotentialFirstInputDelay": 140,
  "timeToFirstByte": 5.263999999999999,
  "weight": {
    "summary": "10 requests • 195 KiB",
    "total": 200112,
    "image": 72648,
    "imageCount": 3,
    "script": 63579,
    "scriptCount": 2,
    "document": 3626,
    "font": 46332,
    "fontCount": 2,
    "stylesheet": 13863,
    "stylesheetCount": 1,
    "thirdParty": 63643,
    "thirdPartyCount": 3
  },
  "axe": {
    "passes": 242,
    "violations": 6
  }
}