{
  "url": "https://jekyllrb.com/",
  "requestedUrl": "https://jekyllrb.com/",
  "timestamp": 1603605791944,
  "ranks": {
    "hundos": 1,
    "performance": 2,
    "accessibility": 3,
    "cumulative": 1
  },
  "lighthouse": {
    "version": "6.4.1",
    "performance": 0.98,
    "accessibility": 1,
    "bestPractices": 1,
    "seo": 1,
    "total": 398
  },
  "firstContentfulPaint": 1169.124,
  "speedIndex": 1169.124,
  "largestContentfulPaint": 2326.1240000000003,
  "totalBlockingTime": 133,
  "cumulativeLayoutShift": 0,
  "timeToInteractive": 2350.144,
  "maxPotentialFirstInputDelay": 157,
  "timeToFirstByte": 78.93,
  "weight": {
    "summary": "10 requests • 195 KiB",
    "total": 199954,
    "image": 72666,
    "imageCount": 3,
    "script": 63416,
    "scriptCount": 2,
    "document": 3626,
    "font": 46387,
    "fontCount": 2,
    "stylesheet": 13795,
    "stylesheetCount": 1,
    "thirdParty": 63480,
    "thirdPartyCount": 3
  },
  "axe": {
    "passes": 249,
    "violations": 6
  }
}