{
  "url": "https://jekyllrb.com/",
  "requestedUrl": "https://jekyllrb.com/",
  "timestamp": 1603433100272,
  "ranks": {
    "hundos": 2,
    "performance": 3,
    "accessibility": 3,
    "cumulative": 2
  },
  "lighthouse": {
    "version": "6.4.1",
    "performance": 0.96,
    "accessibility": 1,
    "bestPractices": 1,
    "seo": 1,
    "total": 396
  },
  "firstContentfulPaint": 1134.8029999999999,
  "speedIndex": 1134.8029999999999,
  "largestContentfulPaint": 2443.9569999999994,
  "totalBlockingTime": 229,
  "cumulativeLayoutShift": 0,
  "timeToInteractive": 2443.9569999999994,
  "maxPotentialFirstInputDelay": 241,
  "timeToFirstByte": 79.40599999999999,
  "weight": {
    "summary": "10 requests • 195 KiB",
    "total": 199971,
    "image": 72580,
    "imageCount": 3,
    "script": 63427,
    "scriptCount": 2,
    "document": 3643,
    "font": 46412,
    "fontCount": 2,
    "stylesheet": 13845,
    "stylesheetCount": 1,
    "thirdParty": 63491,
    "thirdPartyCount": 3
  },
  "axe": {
    "passes": 249,
    "violations": 6
  }
}