{
  "url": "https://jekyllrb.com/",
  "requestedUrl": "https://jekyllrb.com/",
  "timestamp": 1604556381213,
  "ranks": {
    "hundos": 2,
    "performance": 3,
    "accessibility": 3,
    "cumulative": 2
  },
  "lighthouse": {
    "version": "6.4.1",
    "performance": 0.98,
    "accessibility": 1,
    "bestPractices": 1,
    "seo": 1,
    "total": 398
  },
  "firstContentfulPaint": 1055.975,
  "speedIndex": 1055.975,
  "largestContentfulPaint": 2405.975,
  "totalBlockingTime": 159,
  "cumulativeLayoutShift": 0,
  "timeToInteractive": 2270.7139999999995,
  "maxPotentialFirstInputDelay": 144,
  "timeToFirstByte": 5.836,
  "weight": {
    "summary": "10 requests • 195 KiB",
    "total": 200135,
    "image": 72661,
    "imageCount": 3,
    "script": 63607,
    "scriptCount": 2,
    "document": 3626,
    "font": 46401,
    "fontCount": 2,
    "stylesheet": 13776,
    "stylesheetCount": 1,
    "thirdParty": 63671,
    "thirdPartyCount": 3
  },
  "axe": {
    "passes": 249,
    "violations": 6
  }
}