{
  "url": "https://jekyllrb.com/",
  "requestedUrl": "https://jekyllrb.com/",
  "timestamp": 1606197763773,
  "ranks": {
    "hundos": 2,
    "performance": 3,
    "accessibility": 2,
    "cumulative": 2
  },
  "lighthouse": {
    "version": "6.4.1",
    "performance": 0.98,
    "accessibility": 1,
    "bestPractices": 1,
    "seo": 1,
    "total": 398
  },
  "firstContentfulPaint": 1057.455,
  "speedIndex": 1057.455,
  "largestContentfulPaint": 2250.2639999999997,
  "totalBlockingTime": 106,
  "cumulativeLayoutShift": 0,
  "timeToInteractive": 2250.2639999999997,
  "maxPotentialFirstInputDelay": 129,
  "timeToFirstByte": 12.152000000000001,
  "weight": {
    "summary": "10 requests • 195 KiB",
    "total": 200129,
    "image": 72679,
    "imageCount": 3,
    "script": 63580,
    "scriptCount": 2,
    "document": 3624,
    "font": 46331,
    "fontCount": 2,
    "stylesheet": 13851,
    "stylesheetCount": 1,
    "thirdParty": 63644,
    "thirdPartyCount": 3
  },
  "axe": {
    "passes": 242,
    "violations": 6
  }
}