{
  "url": "https://jekyllrb.com/",
  "requestedUrl": "https://jekyllrb.com/",
  "timestamp": 1601877898471,
  "ranks": {
    "hundos": 2,
    "performance": 3,
    "accessibility": 3,
    "cumulative": 2
  },
  "lighthouse": {
    "version": "6.4.1",
    "performance": 0.98,
    "accessibility": 1,
    "bestPractices": 1,
    "seo": 1,
    "total": 398
  },
  "firstContentfulPaint": 1127.7530000000002,
  "speedIndex": 1127.7530000000002,
  "largestContentfulPaint": 2363.893,
  "totalBlockingTime": 144,
  "cumulativeLayoutShift": 0,
  "timeToInteractive": 2363.893,
  "maxPotentialFirstInputDelay": 175,
  "timeToFirstByte": 82.173,
  "weight": {
    "summary": "10 requests • 195 KiB",
    "total": 199940,
    "image": 72636,
    "imageCount": 3,
    "script": 63410,
    "scriptCount": 2,
    "document": 3626,
    "font": 46400,
    "fontCount": 2,
    "stylesheet": 13805,
    "stylesheetCount": 1,
    "thirdParty": 63473,
    "thirdPartyCount": 3
  },
  "axe": {
    "passes": 249,
    "violations": 6
  }
}