{
  "url": "https://jekyllrb.com/",
  "requestedUrl": "https://jekyllrb.com/",
  "timestamp": 1603001071826,
  "ranks": {
    "hundos": 2,
    "performance": 3,
    "accessibility": 3,
    "cumulative": 2
  },
  "lighthouse": {
    "version": "6.4.1",
    "performance": 0.99,
    "accessibility": 1,
    "bestPractices": 1,
    "seo": 1,
    "total": 399
  },
  "firstContentfulPaint": 1055.638,
  "speedIndex": 1055.638,
  "largestContentfulPaint": 2067.8329999999996,
  "totalBlockingTime": 141,
  "cumulativeLayoutShift": 0,
  "timeToInteractive": 2292.8329999999996,
  "maxPotentialFirstInputDelay": 175,
  "timeToFirstByte": 2.67,
  "weight": {
    "summary": "10 requests • 195 KiB",
    "total": 199991,
    "image": 72590,
    "imageCount": 3,
    "script": 63412,
    "scriptCount": 2,
    "document": 3627,
    "font": 46447,
    "fontCount": 2,
    "stylesheet": 13851,
    "stylesheetCount": 1,
    "thirdParty": 63476,
    "thirdPartyCount": 3
  },
  "axe": {
    "passes": 249,
    "violations": 6
  }
}