{
  "url": "https://jekyllrb.com/",
  "requestedUrl": "https://jekyllrb.com/",
  "timestamp": 1603692352628,
  "ranks": {
    "hundos": 1,
    "performance": 2,
    "accessibility": 3,
    "cumulative": 2
  },
  "lighthouse": {
    "version": "6.4.1",
    "performance": 0.98,
    "accessibility": 1,
    "bestPractices": 1,
    "seo": 1,
    "total": 398
  },
  "firstContentfulPaint": 1051.913,
  "speedIndex": 1051.913,
  "largestContentfulPaint": 2238.469,
  "totalBlockingTime": 111,
  "cumulativeLayoutShift": 0,
  "timeToInteractive": 2238.469,
  "maxPotentialFirstInputDelay": 119,
  "timeToFirstByte": 1.935999999999999,
  "weight": {
    "summary": "10 requests • 195 KiB",
    "total": 199952,
    "image": 72635,
    "imageCount": 3,
    "script": 63421,
    "scriptCount": 2,
    "document": 3645,
    "font": 46380,
    "fontCount": 2,
    "stylesheet": 13807,
    "stylesheetCount": 1,
    "thirdParty": 63485,
    "thirdPartyCount": 3
  },
  "axe": {
    "passes": 249,
    "violations": 6
  }
}