{
  "url": "https://jekyllrb.com/",
  "requestedUrl": "https://jekyllrb.com/",
  "timestamp": 1607580268802,
  "ranks": {
    "hundos": 1,
    "performance": 2,
    "accessibility": 2,
    "cumulative": 2
  },
  "lighthouse": {
    "version": "6.5.0",
    "performance": 0.99,
    "accessibility": 1,
    "bestPractices": 1,
    "seo": 1,
    "total": 399
  },
  "firstContentfulPaint": 1056.6570000000002,
  "speedIndex": 1056.6570000000002,
  "largestContentfulPaint": 2058.4840000000004,
  "totalBlockingTime": 145,
  "cumulativeLayoutShift": 0,
  "timeToInteractive": 2283.4840000000004,
  "maxPotentialFirstInputDelay": 161,
  "timeToFirstByte": 5.899999999999999,
  "weight": {
    "summary": "10 requests • 196 KiB",
    "total": 200424,
    "image": 72619,
    "imageCount": 3,
    "script": 63848,
    "scriptCount": 2,
    "document": 3639,
    "font": 46408,
    "fontCount": 2,
    "stylesheet": 13846,
    "stylesheetCount": 1,
    "thirdParty": 63912,
    "thirdPartyCount": 3
  },
  "axe": {
    "passes": 242,
    "violations": 6
  }
}