{
  "url": "https://jekyllrb.com/",
  "requestedUrl": "https://jekyllrb.com/",
  "timestamp": 1606111491769,
  "ranks": {
    "hundos": 2,
    "performance": 3,
    "accessibility": 2,
    "cumulative": 2
  },
  "lighthouse": {
    "version": "6.4.1",
    "performance": 0.99,
    "accessibility": 1,
    "bestPractices": 1,
    "seo": 1,
    "total": 399
  },
  "firstContentfulPaint": 1052.7730000000001,
  "speedIndex": 1052.7730000000001,
  "largestContentfulPaint": 2119.51,
  "totalBlockingTime": 147,
  "cumulativeLayoutShift": 0,
  "timeToInteractive": 2269.51,
  "maxPotentialFirstInputDelay": 150,
  "timeToFirstByte": 8.609,
  "weight": {
    "summary": "10 requests • 196 KiB",
    "total": 200199,
    "image": 72660,
    "imageCount": 3,
    "script": 63580,
    "scriptCount": 2,
    "document": 3624,
    "font": 46409,
    "fontCount": 2,
    "stylesheet": 13862,
    "stylesheetCount": 1,
    "thirdParty": 63644,
    "thirdPartyCount": 3
  },
  "axe": {
    "passes": 242,
    "violations": 6
  }
}