{
  "url": "https://jekyllrb.com/",
  "requestedUrl": "https://jekyllrb.com/",
  "timestamp": 1606025073626,
  "ranks": {
    "hundos": 2,
    "performance": 3,
    "accessibility": 2,
    "cumulative": 2
  },
  "lighthouse": {
    "version": "6.4.1",
    "performance": 0.99,
    "accessibility": 1,
    "bestPractices": 1,
    "seo": 1,
    "total": 399
  },
  "firstContentfulPaint": 1057.251,
  "speedIndex": 1057.251,
  "largestContentfulPaint": 2011.616,
  "totalBlockingTime": 76,
  "cumulativeLayoutShift": 0,
  "timeToInteractive": 2236.616,
  "maxPotentialFirstInputDelay": 115,
  "timeToFirstByte": 9.012,
  "weight": {
    "summary": "10 requests • 195 KiB",
    "total": 200186,
    "image": 72495,
    "imageCount": 3,
    "script": 63580,
    "scriptCount": 2,
    "document": 3625,
    "font": 46400,
    "fontCount": 2,
    "stylesheet": 14022,
    "stylesheetCount": 1,
    "thirdParty": 63644,
    "thirdPartyCount": 3
  },
  "axe": {
    "passes": 242,
    "violations": 6
  }
}