{
  "url": "https://jekyllrb.com/",
  "requestedUrl": "https://jekyllrb.com/",
  "timestamp": 1603346595514,
  "ranks": {
    "hundos": 2,
    "performance": 3,
    "accessibility": 3,
    "cumulative": 2
  },
  "lighthouse": {
    "version": "6.4.1",
    "performance": 0.98,
    "accessibility": 1,
    "bestPractices": 1,
    "seo": 1,
    "total": 398
  },
  "firstContentfulPaint": 1040.71,
  "speedIndex": 1295.337135310359,
  "largestContentfulPaint": 2441.938,
  "totalBlockingTime": 124,
  "cumulativeLayoutShift": 0,
  "timeToInteractive": 2366.938,
  "maxPotentialFirstInputDelay": 249,
  "timeToFirstByte": 77.50200000000001,
  "weight": {
    "summary": "10 requests • 195 KiB",
    "total": 199933,
    "image": 72656,
    "imageCount": 3,
    "script": 63422,
    "scriptCount": 2,
    "document": 3627,
    "font": 46385,
    "fontCount": 2,
    "stylesheet": 13779,
    "stylesheetCount": 1,
    "thirdParty": 63486,
    "thirdPartyCount": 3
  },
  "axe": {
    "passes": 249,
    "violations": 6
  }
}