{
  "url": "https://jekyllrb.com/",
  "requestedUrl": "https://jekyllrb.com/",
  "timestamp": 1603519369176,
  "ranks": {
    "hundos": 2,
    "performance": 3,
    "accessibility": 3,
    "cumulative": 2
  },
  "lighthouse": {
    "version": "6.4.1",
    "performance": 0.98,
    "accessibility": 1,
    "bestPractices": 1,
    "seo": 1,
    "total": 398
  },
  "firstContentfulPaint": 1303.845,
  "speedIndex": 1316.9332099999951,
  "largestContentfulPaint": 2329.8450000000003,
  "totalBlockingTime": 153.99999999999977,
  "cumulativeLayoutShift": 0,
  "timeToInteractive": 2371.4309999999996,
  "maxPotentialFirstInputDelay": 176,
  "timeToFirstByte": 87.767,
  "weight": {
    "summary": "10 requests • 195 KiB",
    "total": 200126,
    "image": 72626,
    "imageCount": 3,
    "script": 63448,
    "scriptCount": 2,
    "document": 3627,
    "font": 46425,
    "fontCount": 2,
    "stylesheet": 13936,
    "stylesheetCount": 1,
    "thirdParty": 63512,
    "thirdPartyCount": 3
  },
  "axe": {
    "passes": 249,
    "violations": 6
  }
}