{
  "url": "https://jekyllrb.com/",
  "requestedUrl": "https://jekyllrb.com/",
  "timestamp": 1601618807923,
  "ranks": {
    "hundos": 2,
    "performance": 3,
    "accessibility": 3,
    "cumulative": 2
  },
  "lighthouse": {
    "version": "6.4.0",
    "performance": 0.98,
    "accessibility": 1,
    "bestPractices": 1,
    "seo": 1,
    "total": 398
  },
  "firstContentfulPaint": 1054.8229999999999,
  "speedIndex": 1054.8229999999999,
  "largestContentfulPaint": 2404.823,
  "totalBlockingTime": 101,
  "cumulativeLayoutShift": 0,
  "timeToInteractive": 2269.1279999999997,
  "maxPotentialFirstInputDelay": 151,
  "timeToFirstByte": 6.3359999999999985,
  "weight": {
    "summary": "10 requests • 195 KiB",
    "total": 199924,
    "image": 72625,
    "imageCount": 3,
    "script": 63426,
    "scriptCount": 2,
    "document": 3624,
    "font": 46412,
    "fontCount": 2,
    "stylesheet": 13774,
    "stylesheetCount": 1,
    "thirdParty": 63489,
    "thirdPartyCount": 3
  },
  "axe": {
    "passes": 249,
    "violations": 6
  }
}