{
  "url": "https://jekyllrb.com/",
  "requestedUrl": "https://jekyllrb.com/",
  "timestamp": 1602482717769,
  "ranks": {
    "hundos": 2,
    "performance": 3,
    "accessibility": 3,
    "cumulative": 2
  },
  "lighthouse": {
    "version": "6.4.1",
    "performance": 0.98,
    "accessibility": 1,
    "bestPractices": 1,
    "seo": 1,
    "total": 398
  },
  "firstContentfulPaint": 1052.838,
  "speedIndex": 1052.838,
  "largestContentfulPaint": 2402.8379999999997,
  "totalBlockingTime": 116,
  "cumulativeLayoutShift": 0,
  "timeToInteractive": 2280.828,
  "maxPotentialFirstInputDelay": 163,
  "timeToFirstByte": 8.123,
  "weight": {
    "summary": "10 requests • 195 KiB",
    "total": 199985,
    "image": 72677,
    "imageCount": 3,
    "script": 63412,
    "scriptCount": 2,
    "document": 3627,
    "font": 46428,
    "fontCount": 2,
    "stylesheet": 13777,
    "stylesheetCount": 1,
    "thirdParty": 63476,
    "thirdPartyCount": 3
  },
  "axe": {
    "passes": 249,
    "violations": 6
  }
}