{
  "url": "https://jekyllrb.com/",
  "requestedUrl": "https://jekyllrb.com/",
  "timestamp": 1608271363574,
  "ranks": {
    "hundos": 2,
    "performance": 3,
    "accessibility": 2,
    "cumulative": 2
  },
  "lighthouse": {
    "version": "6.5.0",
    "performance": 0.98,
    "accessibility": 1,
    "bestPractices": 1,
    "seo": 1,
    "total": 398
  },
  "firstContentfulPaint": 939.506,
  "speedIndex": 939.506,
  "largestContentfulPaint": 2246.4439999999995,
  "totalBlockingTime": 62,
  "cumulativeLayoutShift": 0,
  "timeToInteractive": 2171.4439999999995,
  "maxPotentialFirstInputDelay": 126,
  "timeToFirstByte": 11.597999999999999,
  "weight": {
    "summary": "10 requests • 196 KiB",
    "total": 200401,
    "image": 72688,
    "imageCount": 3,
    "script": 63819,
    "scriptCount": 2,
    "document": 3642,
    "font": 46334,
    "fontCount": 2,
    "stylesheet": 13854,
    "stylesheetCount": 1,
    "thirdParty": 63883,
    "thirdPartyCount": 3
  },
  "run": {
    "number": 1,
    "total": 3
  },
  "axe": {
    "passes": 242,
    "violations": 6
  }
}