{
  "url": "https://jekyllrb.com/",
  "requestedUrl": "https://jekyllrb.com/",
  "timestamp": 1605074753201,
  "ranks": {
    "hundos": 2,
    "performance": 3,
    "accessibility": 3,
    "cumulative": 2
  },
  "lighthouse": {
    "version": "6.4.1",
    "performance": 0.99,
    "accessibility": 1,
    "bestPractices": 1,
    "seo": 1,
    "total": 399
  },
  "firstContentfulPaint": 1057.692,
  "speedIndex": 1057.692,
  "largestContentfulPaint": 2109.822,
  "totalBlockingTime": 83,
  "cumulativeLayoutShift": 0,
  "timeToInteractive": 2259.822,
  "maxPotentialFirstInputDelay": 133,
  "timeToFirstByte": 5.431999999999999,
  "weight": {
    "summary": "10 requests • 195 KiB",
    "total": 200095,
    "image": 72635,
    "imageCount": 3,
    "script": 63578,
    "scriptCount": 2,
    "document": 3625,
    "font": 46392,
    "fontCount": 2,
    "stylesheet": 13801,
    "stylesheetCount": 1,
    "thirdParty": 63642,
    "thirdPartyCount": 3
  },
  "axe": {
    "passes": 249,
    "violations": 6
  }
}