{
  "url": "https://jekyllrb.com/",
  "requestedUrl": "https://jekyllrb.com/",
  "timestamp": 1608357957337,
  "ranks": {
    "hundos": 1,
    "performance": 2,
    "accessibility": 2,
    "cumulative": 2
  },
  "lighthouse": {
    "version": "6.5.0",
    "performance": 0.99,
    "accessibility": 1,
    "bestPractices": 1,
    "seo": 1,
    "total": 399
  },
  "firstContentfulPaint": 1052.5819999999999,
  "speedIndex": 1052.5819999999999,
  "largestContentfulPaint": 2104.8019999999997,
  "totalBlockingTime": 90,
  "cumulativeLayoutShift": 0,
  "timeToInteractive": 2254.8019999999997,
  "maxPotentialFirstInputDelay": 140,
  "timeToFirstByte": 5.995999999999999,
  "weight": {
    "summary": "10 requests • 196 KiB",
    "total": 200520,
    "image": 72707,
    "imageCount": 3,
    "script": 63848,
    "scriptCount": 2,
    "document": 3625,
    "font": 46397,
    "fontCount": 2,
    "stylesheet": 13879,
    "stylesheetCount": 1,
    "thirdParty": 63912,
    "thirdPartyCount": 3
  },
  "run": {
    "number": 3,
    "total": 3
  },
  "axe": {
    "passes": 242,
    "violations": 6
  }
}