{
  "url": "https://jekyllrb.com/",
  "requestedUrl": "https://jekyllrb.com/",
  "timestamp": 1602050779977,
  "ranks": {
    "hundos": 2,
    "performance": 3,
    "accessibility": 3,
    "cumulative": 2
  },
  "lighthouse": {
    "version": "6.4.1",
    "performance": 0.98,
    "accessibility": 1,
    "bestPractices": 1,
    "seo": 1,
    "total": 398
  },
  "firstContentfulPaint": 1055.9470000000001,
  "speedIndex": 1055.9470000000001,
  "largestContentfulPaint": 2141.218,
  "totalBlockingTime": 181,
  "cumulativeLayoutShift": 0,
  "timeToInteractive": 2291.218,
  "maxPotentialFirstInputDelay": 172,
  "timeToFirstByte": 5.48,
  "weight": {
    "summary": "10 requests • 195 KiB",
    "total": 199952,
    "image": 72649,
    "imageCount": 3,
    "script": 63421,
    "scriptCount": 2,
    "document": 3633,
    "font": 46363,
    "fontCount": 2,
    "stylesheet": 13823,
    "stylesheetCount": 1,
    "thirdParty": 63484,
    "thirdPartyCount": 3
  },
  "axe": {
    "passes": 249,
    "violations": 6
  }
}