{
  "url": "https://jekyllrb.com/",
  "requestedUrl": "https://jekyllrb.com/",
  "timestamp": 1599372256422,
  "ranks": {
    "hundos": 2,
    "performance": 3,
    "accessibility": 3,
    "cumulative": 2
  },
  "lighthouse": {
    "version": "6.3.0",
    "performance": 0.99,
    "accessibility": 1,
    "bestPractices": 1,
    "seo": 1,
    "total": 399
  },
  "firstContentfulPaint": 1126.683,
  "speedIndex": 1126.683,
  "largestContentfulPaint": 2176.683,
  "totalBlockingTime": 114,
  "cumulativeLayoutShift": 0,
  "timeToInteractive": 2324.782,
  "maxPotentialFirstInputDelay": 133,
  "timeToFirstByte": 3.4480000000000004,
  "weight": {
    "summary": "10 requests • 195 KiB",
    "total": 199631,
    "image": 72542,
    "imageCount": 3,
    "script": 63084,
    "scriptCount": 2,
    "document": 3626,
    "font": 46490,
    "fontCount": 2,
    "stylesheet": 13827,
    "stylesheetCount": 1,
    "thirdParty": 63146,
    "thirdPartyCount": 3
  },
  "axe": {
    "passes": 249,
    "violations": 6
  }
}