{
  "url": "https://jekyllrb.com/",
  "requestedUrl": "https://jekyllrb.com/",
  "timestamp": 1602309980976,
  "ranks": {
    "hundos": 2,
    "performance": 3,
    "accessibility": 3,
    "cumulative": 2
  },
  "lighthouse": {
    "version": "6.4.1",
    "performance": 0.98,
    "accessibility": 1,
    "bestPractices": 1,
    "seo": 1,
    "total": 398
  },
  "firstContentfulPaint": 1057.471,
  "speedIndex": 1057.471,
  "largestContentfulPaint": 2404.843,
  "totalBlockingTime": 81,
  "cumulativeLayoutShift": 0,
  "timeToInteractive": 2252.215,
  "maxPotentialFirstInputDelay": 130,
  "timeToFirstByte": 5.4929999999999986,
  "weight": {
    "summary": "11 requests • 195 KiB",
    "total": 200008,
    "image": 72723,
    "imageCount": 4,
    "script": 63412,
    "scriptCount": 2,
    "document": 3626,
    "font": 46408,
    "fontCount": 2,
    "stylesheet": 13775,
    "stylesheetCount": 1,
    "thirdParty": 63538,
    "thirdPartyCount": 4
  },
  "axe": {
    "passes": 249,
    "violations": 6
  }
}