{
  "url": "https://jekyllrb.com/",
  "requestedUrl": "https://jekyllrb.com/",
  "timestamp": 1606629841683,
  "ranks": {
    "hundos": 2,
    "performance": 4,
    "accessibility": 2,
    "cumulative": 2
  },
  "lighthouse": {
    "version": "6.4.1",
    "performance": 0.98,
    "accessibility": 1,
    "bestPractices": 1,
    "seo": 1,
    "total": 398
  },
  "firstContentfulPaint": 1059.012,
  "speedIndex": 1059.012,
  "largestContentfulPaint": 2237.435,
  "totalBlockingTime": 71,
  "cumulativeLayoutShift": 0,
  "timeToInteractive": 2237.435,
  "maxPotentialFirstInputDelay": 117,
  "timeToFirstByte": 10.149999999999999,
  "weight": {
    "summary": "10 requests • 196 KiB",
    "total": 200202,
    "image": 72516,
    "imageCount": 3,
    "script": 63616,
    "scriptCount": 2,
    "document": 3626,
    "font": 46349,
    "fontCount": 2,
    "stylesheet": 14031,
    "stylesheetCount": 1,
    "thirdParty": 63680,
    "thirdPartyCount": 3
  },
  "axe": {
    "passes": 242,
    "violations": 6
  }
}