{
  "url": "https://jekyllrb.com/",
  "requestedUrl": "https://jekyllrb.com/",
  "timestamp": 1608700563297,
  "ranks": {
    "hundos": 1,
    "performance": 2,
    "accessibility": 2,
    "cumulative": 2
  },
  "lighthouse": {
    "version": "6.5.0",
    "performance": 0.99,
    "accessibility": 1,
    "bestPractices": 1,
    "seo": 1,
    "total": 399
  },
  "firstContentfulPaint": 1052.767,
  "speedIndex": 1052.767,
  "largestContentfulPaint": 2109.002,
  "totalBlockingTime": 112,
  "cumulativeLayoutShift": 0,
  "timeToInteractive": 2259.002,
  "maxPotentialFirstInputDelay": 144,
  "timeToFirstByte": 5.538000000000002,
  "weight": {
    "summary": "10 requests • 196 KiB",
    "total": 200483,
    "image": 72561,
    "imageCount": 3,
    "script": 63847,
    "scriptCount": 2,
    "document": 3626,
    "font": 46391,
    "fontCount": 2,
    "stylesheet": 13994,
    "stylesheetCount": 1,
    "thirdParty": 63911,
    "thirdPartyCount": 3
  },
  "run": {
    "number": 3,
    "total": 3
  },
  "axe": {
    "passes": 242,
    "violations": 6
  }
}