{
  "url": "https://jekyllrb.com/",
  "requestedUrl": "https://jekyllrb.com/",
  "timestamp": 1599285925340,
  "ranks": {
    "hundos": 2,
    "performance": 3,
    "accessibility": 3,
    "cumulative": 2
  },
  "lighthouse": {
    "version": "6.3.0",
    "performance": 0.99,
    "accessibility": 1,
    "bestPractices": 1,
    "seo": 1,
    "total": 399
  },
  "firstContentfulPaint": 1126.437,
  "speedIndex": 1126.437,
  "largestContentfulPaint": 2091.0689999999995,
  "totalBlockingTime": 80,
  "cumulativeLayoutShift": 0,
  "timeToInteractive": 2316.0689999999995,
  "maxPotentialFirstInputDelay": 122,
  "timeToFirstByte": 81.667,
  "weight": {
    "summary": "10 requests • 195 KiB",
    "total": 199707,
    "image": 72592,
    "imageCount": 3,
    "script": 63083,
    "scriptCount": 2,
    "document": 3641,
    "font": 46525,
    "fontCount": 2,
    "stylesheet": 13804,
    "stylesheetCount": 1,
    "thirdParty": 63145,
    "thirdPartyCount": 3
  },
  "axe": {
    "passes": 249,
    "violations": 6
  }
}