{
  "url": "https://jekyllrb.com/",
  "requestedUrl": "https://jekyllrb.com/",
  "timestamp": 1608185042549,
  "ranks": {
    "hundos": 1,
    "performance": 3,
    "accessibility": 2,
    "cumulative": 2
  },
  "lighthouse": {
    "version": "6.5.0",
    "performance": 0.99,
    "accessibility": 1,
    "bestPractices": 1,
    "seo": 1,
    "total": 399
  },
  "firstContentfulPaint": 1060.29,
  "speedIndex": 1060.29,
  "largestContentfulPaint": 2015.625,
  "totalBlockingTime": 76,
  "cumulativeLayoutShift": 0,
  "timeToInteractive": 2240.625,
  "maxPotentialFirstInputDelay": 118,
  "timeToFirstByte": 5.961999999999998,
  "weight": {
    "summary": "10 requests • 196 KiB",
    "total": 200425,
    "image": 72567,
    "imageCount": 3,
    "script": 63837,
    "scriptCount": 2,
    "document": 3626,
    "font": 46384,
    "fontCount": 2,
    "stylesheet": 13947,
    "stylesheetCount": 1,
    "thirdParty": 63901,
    "thirdPartyCount": 3
  },
  "run": {
    "number": 2,
    "total": 3
  },
  "axe": {
    "passes": 242,
    "violations": 6
  }
}