{
  "url": "https://jekyllrb.com/",
  "requestedUrl": "https://jekyllrb.com/",
  "timestamp": 1602828379545,
  "ranks": {
    "hundos": 2,
    "performance": 3,
    "accessibility": 3,
    "cumulative": 2
  },
  "lighthouse": {
    "version": "6.4.1",
    "performance": 0.98,
    "accessibility": 1,
    "bestPractices": 1,
    "seo": 1,
    "total": 398
  },
  "firstContentfulPaint": 1051.212,
  "speedIndex": 1051.212,
  "largestContentfulPaint": 2401.2119999999995,
  "totalBlockingTime": 81,
  "cumulativeLayoutShift": 0,
  "timeToInteractive": 2246.24,
  "maxPotentialFirstInputDelay": 130,
  "timeToFirstByte": 2,
  "weight": {
    "summary": "10 requests • 195 KiB",
    "total": 200002,
    "image": 72665,
    "imageCount": 3,
    "script": 63412,
    "scriptCount": 2,
    "document": 3632,
    "font": 46406,
    "fontCount": 2,
    "stylesheet": 13823,
    "stylesheetCount": 1,
    "thirdParty": 63476,
    "thirdPartyCount": 3
  },
  "axe": {
    "passes": 249,
    "violations": 6
  }
}