{
  "url": "https://jekyllrb.com/",
  "requestedUrl": "https://jekyllrb.com/",
  "timestamp": 1601100263236,
  "ranks": {
    "hundos": 2,
    "performance": 3,
    "accessibility": 3,
    "cumulative": 2
  },
  "lighthouse": {
    "version": "6.3.0",
    "performance": 0.98,
    "accessibility": 1,
    "bestPractices": 1,
    "seo": 1,
    "total": 398
  },
  "firstContentfulPaint": 1054.04,
  "speedIndex": 1054.04,
  "largestContentfulPaint": 2251.928,
  "totalBlockingTime": 116,
  "cumulativeLayoutShift": 0,
  "timeToInteractive": 2251.928,
  "maxPotentialFirstInputDelay": 122,
  "timeToFirstByte": 2.0069999999999997,
  "weight": {
    "summary": "10 requests • 195 KiB",
    "total": 200028,
    "image": 72673,
    "imageCount": 3,
    "script": 63421,
    "scriptCount": 2,
    "document": 3639,
    "font": 46427,
    "fontCount": 2,
    "stylesheet": 13805,
    "stylesheetCount": 1,
    "thirdParty": 63484,
    "thirdPartyCount": 3
  },
  "axe": {
    "passes": 249,
    "violations": 6
  }
}