{
  "url": "https://jekyllrb.com/",
  "requestedUrl": "https://jekyllrb.com/",
  "timestamp": 1600668275174,
  "ranks": {
    "hundos": 2,
    "performance": 3,
    "accessibility": 3,
    "cumulative": 2
  },
  "lighthouse": {
    "version": "6.3.0",
    "performance": 0.98,
    "accessibility": 1,
    "bestPractices": 1,
    "seo": 1,
    "total": 398
  },
  "firstContentfulPaint": 1129.645,
  "speedIndex": 1129.645,
  "largestContentfulPaint": 2380.4159999999997,
  "totalBlockingTime": 140,
  "cumulativeLayoutShift": 0,
  "timeToInteractive": 2380.4159999999997,
  "maxPotentialFirstInputDelay": 190,
  "timeToFirstByte": 3.1289999999999996,
  "weight": {
    "summary": "10 requests • 195 KiB",
    "total": 200047,
    "image": 72642,
    "imageCount": 3,
    "script": 63411,
    "scriptCount": 2,
    "document": 3626,
    "font": 46436,
    "fontCount": 2,
    "stylesheet": 13869,
    "stylesheetCount": 1,
    "thirdParty": 63474,
    "thirdPartyCount": 3
  },
  "axe": {
    "passes": 249,
    "violations": 6
  }
}