{
  "url": "https://jekyllrb.com/",
  "requestedUrl": "https://jekyllrb.com/",
  "timestamp": 1601445853044,
  "ranks": {
    "hundos": 1,
    "performance": 2,
    "accessibility": 3,
    "cumulative": 2
  },
  "lighthouse": {
    "version": "6.3.0",
    "performance": 0.99,
    "accessibility": 1,
    "bestPractices": 1,
    "seo": 1,
    "total": 399
  },
  "firstContentfulPaint": 1056.338,
  "speedIndex": 1056.338,
  "largestContentfulPaint": 2134.4259999999995,
  "totalBlockingTime": 152,
  "cumulativeLayoutShift": 0,
  "timeToInteractive": 2284.426,
  "maxPotentialFirstInputDelay": 162,
  "timeToFirstByte": 6.035,
  "weight": {
    "summary": "10 requests • 195 KiB",
    "total": 200010,
    "image": 72675,
    "imageCount": 3,
    "script": 63421,
    "scriptCount": 2,
    "document": 3624,
    "font": 46403,
    "fontCount": 2,
    "stylesheet": 13824,
    "stylesheetCount": 1,
    "thirdParty": 63484,
    "thirdPartyCount": 3
  },
  "axe": {
    "passes": 249,
    "violations": 6
  }
}