{
  "url": "https://jekyllrb.com/",
  "requestedUrl": "https://jekyllrb.com/",
  "timestamp": 1608530667128,
  "ranks": {
    "hundos": 1,
    "performance": 2,
    "accessibility": 2,
    "cumulative": 1
  },
  "lighthouse": {
    "version": "6.5.0",
    "performance": 0.99,
    "accessibility": 1,
    "bestPractices": 1,
    "seo": 1,
    "total": 399
  },
  "firstContentfulPaint": 1051.8139999999999,
  "speedIndex": 1051.8139999999999,
  "largestContentfulPaint": 2024.6499999999996,
  "totalBlockingTime": 101,
  "cumulativeLayoutShift": 0,
  "timeToInteractive": 2249.6499999999996,
  "maxPotentialFirstInputDelay": 138,
  "timeToFirstByte": 5.809999999999999,
  "weight": {
    "summary": "10 requests • 196 KiB",
    "total": 200435,
    "image": 72660,
    "imageCount": 3,
    "script": 63848,
    "scriptCount": 2,
    "document": 3639,
    "font": 46335,
    "fontCount": 2,
    "stylesheet": 13889,
    "stylesheetCount": 1,
    "thirdParty": 63912,
    "thirdPartyCount": 3
  },
  "run": {
    "number": 2,
    "total": 3
  },
  "axe": {
    "passes": 242,
    "violations": 6
  }
}