{
  "url": "https://jekyllrb.com/",
  "requestedUrl": "https://jekyllrb.com/",
  "timestamp": 1604901864239,
  "ranks": {
    "hundos": 2,
    "performance": 3,
    "accessibility": 3,
    "cumulative": 2
  },
  "lighthouse": {
    "version": "6.4.1",
    "performance": 0.99,
    "accessibility": 1,
    "bestPractices": 1,
    "seo": 1,
    "total": 399
  },
  "firstContentfulPaint": 1058.79,
  "speedIndex": 1058.79,
  "largestContentfulPaint": 2090.984,
  "totalBlockingTime": 157,
  "cumulativeLayoutShift": 0,
  "timeToInteractive": 2315.984,
  "maxPotentialFirstInputDelay": 191,
  "timeToFirstByte": 80.24,
  "weight": {
    "summary": "10 requests • 195 KiB",
    "total": 200158,
    "image": 72640,
    "imageCount": 3,
    "script": 63578,
    "scriptCount": 2,
    "document": 3627,
    "font": 46389,
    "fontCount": 2,
    "stylesheet": 13860,
    "stylesheetCount": 1,
    "thirdParty": 63642,
    "thirdPartyCount": 3
  },
  "axe": {
    "passes": 249,
    "violations": 6
  }
}