{
  "url": "https://jekyllrb.com/",
  "requestedUrl": "https://jekyllrb.com/",
  "timestamp": 1599977083561,
  "ranks": {
    "hundos": 2,
    "performance": 3,
    "accessibility": 3,
    "cumulative": 2
  },
  "lighthouse": {
    "version": "6.3.0",
    "performance": 0.99,
    "accessibility": 1,
    "bestPractices": 1,
    "seo": 1,
    "total": 399
  },
  "firstContentfulPaint": 1125.672,
  "speedIndex": 1125.672,
  "largestContentfulPaint": 2183.693,
  "totalBlockingTime": 119,
  "cumulativeLayoutShift": 0,
  "timeToInteractive": 2333.693,
  "maxPotentialFirstInputDelay": 140,
  "timeToFirstByte": 77.167,
  "weight": {
    "summary": "10 requests • 195 KiB",
    "total": 199691,
    "image": 72682,
    "imageCount": 3,
    "script": 63093,
    "scriptCount": 2,
    "document": 3626,
    "font": 46449,
    "fontCount": 2,
    "stylesheet": 13779,
    "stylesheetCount": 1,
    "thirdParty": 63155,
    "thirdPartyCount": 3
  },
  "axe": {
    "passes": 249,
    "violations": 6
  }
}