{
  "url": "https://jekyllrb.com/",
  "requestedUrl": "https://jekyllrb.com/",
  "timestamp": 1601186764625,
  "ranks": {
    "hundos": 2,
    "performance": 3,
    "accessibility": 3,
    "cumulative": 2
  },
  "lighthouse": {
    "version": "6.3.0",
    "performance": 0.98,
    "accessibility": 1,
    "bestPractices": 1,
    "seo": 1,
    "total": 398
  },
  "firstContentfulPaint": 1052.508,
  "speedIndex": 1052.508,
  "largestContentfulPaint": 2402.508,
  "totalBlockingTime": 85,
  "cumulativeLayoutShift": 0,
  "timeToInteractive": 2253.511,
  "maxPotentialFirstInputDelay": 135,
  "timeToFirstByte": 1.6769999999999996,
  "weight": {
    "summary": "10 requests • 195 KiB",
    "total": 200007,
    "image": 72689,
    "imageCount": 3,
    "script": 63438,
    "scriptCount": 2,
    "document": 3626,
    "font": 46391,
    "fontCount": 2,
    "stylesheet": 13800,
    "stylesheetCount": 1,
    "thirdParty": 63501,
    "thirdPartyCount": 3
  },
  "axe": {
    "passes": 249,
    "violations": 6
  }
}