{
  "url": "https://jekyllrb.com/",
  "requestedUrl": "https://jekyllrb.com/",
  "timestamp": 1600841075048,
  "ranks": {
    "hundos": 2,
    "performance": 3,
    "accessibility": 3,
    "cumulative": 2
  },
  "lighthouse": {
    "version": "6.3.0",
    "performance": 0.97,
    "accessibility": 1,
    "bestPractices": 1,
    "seo": 1,
    "total": 397
  },
  "firstContentfulPaint": 1129.601,
  "speedIndex": 1129.601,
  "largestContentfulPaint": 2479.601,
  "totalBlockingTime": 169,
  "cumulativeLayoutShift": 0,
  "timeToInteractive": 2414.3940000000002,
  "maxPotentialFirstInputDelay": 219,
  "timeToFirstByte": 1.5819999999999999,
  "weight": {
    "summary": "10 requests • 195 KiB",
    "total": 199974,
    "image": 72574,
    "imageCount": 3,
    "script": 63411,
    "scriptCount": 2,
    "document": 3623,
    "font": 46421,
    "fontCount": 2,
    "stylesheet": 13882,
    "stylesheetCount": 1,
    "thirdParty": 63474,
    "thirdPartyCount": 3
  },
  "axe": {
    "passes": 249,
    "violations": 6
  }
}