{
  "url": "https://jekyllrb.com/",
  "requestedUrl": "https://jekyllrb.com/",
  "timestamp": 1603260279996,
  "ranks": {
    "hundos": 2,
    "performance": 3,
    "accessibility": 3,
    "cumulative": 2
  },
  "lighthouse": {
    "version": "6.4.1",
    "performance": 0.98,
    "accessibility": 1,
    "bestPractices": 1,
    "seo": 1,
    "total": 398
  },
  "firstContentfulPaint": 1131.008,
  "speedIndex": 1131.008,
  "largestContentfulPaint": 2240.831,
  "totalBlockingTime": 160,
  "cumulativeLayoutShift": 0,
  "timeToInteractive": 2390.831,
  "maxPotentialFirstInputDelay": 191,
  "timeToFirstByte": 79.856,
  "weight": {
    "summary": "10 requests • 195 KiB",
    "total": 199947,
    "image": 72644,
    "imageCount": 3,
    "script": 63427,
    "scriptCount": 2,
    "document": 3644,
    "font": 46389,
    "fontCount": 2,
    "stylesheet": 13779,
    "stylesheetCount": 1,
    "thirdParty": 63491,
    "thirdPartyCount": 3
  },
  "axe": {
    "passes": 249,
    "violations": 6
  }
}