{
  "url": "https://jekyllrb.com/",
  "requestedUrl": "https://jekyllrb.com/",
  "timestamp": 1602137097518,
  "ranks": {
    "hundos": 2,
    "performance": 3,
    "accessibility": 3,
    "cumulative": 2
  },
  "lighthouse": {
    "version": "6.4.1",
    "performance": 0.98,
    "accessibility": 1,
    "bestPractices": 1,
    "seo": 1,
    "total": 398
  },
  "firstContentfulPaint": 1061.0149999999999,
  "speedIndex": 1061.0149999999999,
  "largestContentfulPaint": 2337.2909999999997,
  "totalBlockingTime": 179,
  "cumulativeLayoutShift": 0,
  "timeToInteractive": 2337.2909999999997,
  "maxPotentialFirstInputDelay": 167,
  "timeToFirstByte": 5.888999999999999,
  "weight": {
    "summary": "10 requests • 195 KiB",
    "total": 200028,
    "image": 72481,
    "imageCount": 3,
    "script": 63426,
    "scriptCount": 2,
    "document": 3626,
    "font": 46471,
    "fontCount": 2,
    "stylesheet": 13961,
    "stylesheetCount": 1,
    "thirdParty": 63489,
    "thirdPartyCount": 3
  },
  "axe": {
    "passes": 249,
    "violations": 6
  }
}