{
  "url": "https://jekyllrb.com/",
  "requestedUrl": "https://jekyllrb.com/",
  "timestamp": 1605766008902,
  "ranks": {
    "hundos": 2,
    "performance": 3,
    "accessibility": 2,
    "cumulative": 2
  },
  "lighthouse": {
    "version": "6.4.1",
    "performance": 0.99,
    "accessibility": 1,
    "bestPractices": 1,
    "seo": 1,
    "total": 399
  },
  "firstContentfulPaint": 1052.5439999999999,
  "speedIndex": 1052.5439999999999,
  "largestContentfulPaint": 2102.544,
  "totalBlockingTime": 79,
  "cumulativeLayoutShift": 0,
  "timeToInteractive": 2248.321,
  "maxPotentialFirstInputDelay": 129,
  "timeToFirstByte": 1.165,
  "weight": {
    "summary": "10 requests • 196 KiB",
    "total": 200245,
    "image": 72701,
    "imageCount": 3,
    "script": 63607,
    "scriptCount": 2,
    "document": 3622,
    "font": 46377,
    "fontCount": 2,
    "stylesheet": 13874,
    "stylesheetCount": 1,
    "thirdParty": 63671,
    "thirdPartyCount": 3
  },
  "axe": {
    "passes": 242,
    "violations": 6
  }
}