{
  "url": "https://jekyllrb.com/",
  "requestedUrl": "https://jekyllrb.com/",
  "timestamp": 1607321082216,
  "ranks": {
    "hundos": 1,
    "performance": 2,
    "accessibility": 2,
    "cumulative": 2
  },
  "lighthouse": {
    "version": "6.5.0",
    "performance": 0.98,
    "accessibility": 1,
    "bestPractices": 1,
    "seo": 1,
    "total": 398
  },
  "firstContentfulPaint": 1057.35,
  "speedIndex": 1057.35,
  "largestContentfulPaint": 2259.642,
  "totalBlockingTime": 106,
  "cumulativeLayoutShift": 0,
  "timeToInteractive": 2259.642,
  "maxPotentialFirstInputDelay": 135,
  "timeToFirstByte": 8.833,
  "weight": {
    "summary": "10 requests • 196 KiB",
    "total": 200426,
    "image": 72662,
    "imageCount": 3,
    "script": 63847,
    "scriptCount": 2,
    "document": 3641,
    "font": 46363,
    "fontCount": 2,
    "stylesheet": 13849,
    "stylesheetCount": 1,
    "thirdParty": 63911,
    "thirdPartyCount": 3
  },
  "axe": {
    "passes": 242,
    "violations": 6
  }
}