{
  "url": "https://jekyllrb.com/",
  "requestedUrl": "https://jekyllrb.com/",
  "timestamp": 1601273142602,
  "ranks": {
    "hundos": 1,
    "performance": 2,
    "accessibility": 3,
    "cumulative": 2
  },
  "lighthouse": {
    "version": "6.3.0",
    "performance": 0.99,
    "accessibility": 1,
    "bestPractices": 1,
    "seo": 1,
    "total": 399
  },
  "firstContentfulPaint": 1052.3310000000001,
  "speedIndex": 1052.3310000000001,
  "largestContentfulPaint": 2013.3830000000003,
  "totalBlockingTime": 89,
  "cumulativeLayoutShift": 0,
  "timeToInteractive": 2238.383,
  "maxPotentialFirstInputDelay": 121,
  "timeToFirstByte": 1.7480000000000002,
  "weight": {
    "summary": "10 requests • 195 KiB",
    "total": 199929,
    "image": 72601,
    "imageCount": 3,
    "script": 63421,
    "scriptCount": 2,
    "document": 3625,
    "font": 46419,
    "fontCount": 2,
    "stylesheet": 13800,
    "stylesheetCount": 1,
    "thirdParty": 63484,
    "thirdPartyCount": 3
  },
  "axe": {
    "passes": 249,
    "violations": 6
  }
}