{
  "url": "https://jekyllrb.com/",
  "requestedUrl": "https://jekyllrb.com/",
  "timestamp": 1601964290299,
  "ranks": {
    "hundos": 2,
    "performance": 3,
    "accessibility": 3,
    "cumulative": 2
  },
  "lighthouse": {
    "version": "6.4.1",
    "performance": 0.98,
    "accessibility": 1,
    "bestPractices": 1,
    "seo": 1,
    "total": 398
  },
  "firstContentfulPaint": 1054.424,
  "speedIndex": 1054.424,
  "largestContentfulPaint": 2274.5969999999998,
  "totalBlockingTime": 131,
  "cumulativeLayoutShift": 0,
  "timeToInteractive": 2274.5969999999998,
  "maxPotentialFirstInputDelay": 155,
  "timeToFirstByte": 84.419,
  "weight": {
    "summary": "10 requests • 195 KiB",
    "total": 199950,
    "image": 72584,
    "imageCount": 3,
    "script": 63411,
    "scriptCount": 2,
    "document": 3626,
    "font": 46413,
    "fontCount": 2,
    "stylesheet": 13853,
    "stylesheetCount": 1,
    "thirdParty": 63474,
    "thirdPartyCount": 3
  },
  "axe": {
    "passes": 249,
    "violations": 6
  }
}