{
  "url": "https://jekyllrb.com/",
  "requestedUrl": "https://jekyllrb.com/",
  "timestamp": 1604469919011,
  "ranks": {
    "hundos": 2,
    "performance": 3,
    "accessibility": 3,
    "cumulative": 2
  },
  "lighthouse": {
    "version": "6.4.1",
    "performance": 0.99,
    "accessibility": 1,
    "bestPractices": 1,
    "seo": 1,
    "total": 399
  },
  "firstContentfulPaint": 1061.855,
  "speedIndex": 1061.855,
  "largestContentfulPaint": 2050.258,
  "totalBlockingTime": 104,
  "cumulativeLayoutShift": 0,
  "timeToInteractive": 2275.2580000000003,
  "maxPotentialFirstInputDelay": 147,
  "timeToFirstByte": 5.797999999999998,
  "weight": {
    "summary": "10 requests • 195 KiB",
    "total": 200129,
    "image": 72547,
    "imageCount": 3,
    "script": 63578,
    "scriptCount": 2,
    "document": 3626,
    "font": 46373,
    "fontCount": 2,
    "stylesheet": 13941,
    "stylesheetCount": 1,
    "thirdParty": 63642,
    "thirdPartyCount": 3
  },
  "axe": {
    "passes": 249,
    "violations": 6
  }
}