{
  "url": "https://jekyllrb.com/",
  "requestedUrl": "https://jekyllrb.com/",
  "timestamp": 1602741991518,
  "ranks": {
    "hundos": 2,
    "performance": 3,
    "accessibility": 3,
    "cumulative": 2
  },
  "lighthouse": {
    "version": "6.4.1",
    "performance": 0.98,
    "accessibility": 1,
    "bestPractices": 1,
    "seo": 1,
    "total": 398
  },
  "firstContentfulPaint": 1058.87,
  "speedIndex": 1058.87,
  "largestContentfulPaint": 2408.87,
  "totalBlockingTime": 56,
  "cumulativeLayoutShift": 0,
  "timeToInteractive": 2228.424,
  "maxPotentialFirstInputDelay": 106,
  "timeToFirstByte": 5.545999999999999,
  "weight": {
    "summary": "10 requests • 195 KiB",
    "total": 200000,
    "image": 72596,
    "imageCount": 3,
    "script": 63439,
    "scriptCount": 2,
    "document": 3625,
    "font": 46410,
    "fontCount": 2,
    "stylesheet": 13866,
    "stylesheetCount": 1,
    "thirdParty": 63503,
    "thirdPartyCount": 3
  },
  "axe": {
    "passes": 249,
    "violations": 6
  }
}