{
  "url": "https://jekyllrb.com/",
  "requestedUrl": "https://jekyllrb.com/",
  "timestamp": 1604815565220,
  "ranks": {
    "hundos": 2,
    "performance": 3,
    "accessibility": 3,
    "cumulative": 2
  },
  "lighthouse": {
    "version": "6.4.1",
    "performance": 0.99,
    "accessibility": 1,
    "bestPractices": 1,
    "seo": 1,
    "total": 399
  },
  "firstContentfulPaint": 1051.403,
  "speedIndex": 1051.403,
  "largestContentfulPaint": 2110.5260000000003,
  "totalBlockingTime": 98,
  "cumulativeLayoutShift": 0,
  "timeToInteractive": 2260.526,
  "maxPotentialFirstInputDelay": 148,
  "timeToFirstByte": 1.8539999999999992,
  "weight": {
    "summary": "10 requests • 195 KiB",
    "total": 200084,
    "image": 72664,
    "imageCount": 3,
    "script": 63578,
    "scriptCount": 2,
    "document": 3627,
    "font": 46373,
    "fontCount": 2,
    "stylesheet": 13778,
    "stylesheetCount": 1,
    "thirdParty": 63642,
    "thirdPartyCount": 3
  },
  "axe": {
    "passes": 249,
    "violations": 6
  }
}