{
  "url": "https://jekyllrb.com/",
  "requestedUrl": "https://jekyllrb.com/",
  "timestamp": 1600063555410,
  "ranks": {
    "hundos": 1,
    "performance": 3,
    "accessibility": 3,
    "cumulative": 2
  },
  "lighthouse": {
    "version": "6.3.0",
    "performance": 0.99,
    "accessibility": 1,
    "bestPractices": 1,
    "seo": 1,
    "total": 399
  },
  "firstContentfulPaint": 1054.733,
  "speedIndex": 1054.733,
  "largestContentfulPaint": 2119.295,
  "totalBlockingTime": 97,
  "cumulativeLayoutShift": 0,
  "timeToInteractive": 2269.295,
  "maxPotentialFirstInputDelay": 147,
  "timeToFirstByte": 6.238000000000001,
  "weight": {
    "summary": "10 requests • 195 KiB",
    "total": 199708,
    "image": 72624,
    "imageCount": 3,
    "script": 63099,
    "scriptCount": 2,
    "document": 3626,
    "font": 46496,
    "fontCount": 2,
    "stylesheet": 13801,
    "stylesheetCount": 1,
    "thirdParty": 63161,
    "thirdPartyCount": 3
  },
  "axe": {
    "passes": 249,
    "violations": 6
  }
}