{
  "url": "https://jekyllrb.com/",
  "requestedUrl": "https://jekyllrb.com/",
  "timestamp": 1605593162126,
  "ranks": {
    "hundos": 2,
    "performance": 3,
    "accessibility": 3,
    "cumulative": 2
  },
  "lighthouse": {
    "version": "6.4.1",
    "performance": 0.98,
    "accessibility": 1,
    "bestPractices": 1,
    "seo": 1,
    "total": 398
  },
  "firstContentfulPaint": 1050.807,
  "speedIndex": 1050.807,
  "largestContentfulPaint": 2266.41,
  "totalBlockingTime": 162,
  "cumulativeLayoutShift": 0,
  "timeToInteractive": 2266.41,
  "maxPotentialFirstInputDelay": 150,
  "timeToFirstByte": 1.6449999999999996,
  "weight": {
    "summary": "10 requests • 196 KiB",
    "total": 200416,
    "image": 72689,
    "imageCount": 3,
    "script": 63607,
    "scriptCount": 2,
    "document": 3625,
    "font": 46408,
    "fontCount": 2,
    "stylesheet": 14023,
    "stylesheetCount": 1,
    "thirdParty": 63671,
    "thirdPartyCount": 3
  },
  "axe": {
    "passes": 242,
    "violations": 6
  }
}