{
  "url": "https://jekyllrb.com/",
  "requestedUrl": "https://jekyllrb.com/",
  "timestamp": 1602396279374,
  "ranks": {
    "hundos": 1,
    "performance": 2,
    "accessibility": 3,
    "cumulative": 2
  },
  "lighthouse": {
    "version": "6.4.1",
    "performance": 0.99,
    "accessibility": 1,
    "bestPractices": 1,
    "seo": 1,
    "total": 399
  },
  "firstContentfulPaint": 1056.9160000000002,
  "speedIndex": 1056.9160000000002,
  "largestContentfulPaint": 2036.79,
  "totalBlockingTime": 101,
  "cumulativeLayoutShift": 0,
  "timeToInteractive": 2261.79,
  "maxPotentialFirstInputDelay": 140,
  "timeToFirstByte": 1.4219999999999997,
  "weight": {
    "summary": "10 requests • 195 KiB",
    "total": 199988,
    "image": 72643,
    "imageCount": 3,
    "script": 63412,
    "scriptCount": 2,
    "document": 3625,
    "font": 46344,
    "fontCount": 2,
    "stylesheet": 13900,
    "stylesheetCount": 1,
    "thirdParty": 63476,
    "thirdPartyCount": 3
  },
  "axe": {
    "passes": 249,
    "violations": 6
  }
}