{
  "url": "https://jekyllrb.com/",
  "requestedUrl": "https://jekyllrb.com/",
  "timestamp": 1603865081612,
  "ranks": {
    "hundos": 2,
    "performance": 3,
    "accessibility": 3,
    "cumulative": 2
  },
  "lighthouse": {
    "version": "6.4.1",
    "performance": 0.98,
    "accessibility": 1,
    "bestPractices": 1,
    "seo": 1,
    "total": 398
  },
  "firstContentfulPaint": 1051.792,
  "speedIndex": 1051.792,
  "largestContentfulPaint": 2353.883,
  "totalBlockingTime": 188,
  "cumulativeLayoutShift": 0,
  "timeToInteractive": 2353.883,
  "maxPotentialFirstInputDelay": 238,
  "timeToFirstByte": 1.9180000000000001,
  "weight": {
    "summary": "10 requests • 195 KiB",
    "total": 200006,
    "image": 72671,
    "imageCount": 3,
    "script": 63420,
    "scriptCount": 2,
    "document": 3624,
    "font": 46420,
    "fontCount": 2,
    "stylesheet": 13807,
    "stylesheetCount": 1,
    "thirdParty": 63484,
    "thirdPartyCount": 3
  },
  "axe": {
    "passes": 249,
    "violations": 6
  }
}