{
  "url": "https://jekyllrb.com/",
  "requestedUrl": "https://jekyllrb.com/",
  "timestamp": 1607666729577,
  "ranks": {
    "hundos": 1,
    "performance": 2,
    "accessibility": 2,
    "cumulative": 2
  },
  "lighthouse": {
    "version": "6.5.0",
    "performance": 0.99,
    "accessibility": 1,
    "bestPractices": 1,
    "seo": 1,
    "total": 399
  },
  "firstContentfulPaint": 1052.411,
  "speedIndex": 1052.411,
  "largestContentfulPaint": 2102.411,
  "totalBlockingTime": 54,
  "cumulativeLayoutShift": 0,
  "timeToInteractive": 2219.3450000000003,
  "maxPotentialFirstInputDelay": 104,
  "timeToFirstByte": 1.5280000000000005,
  "weight": {
    "summary": "10 requests • 196 KiB",
    "total": 200411,
    "image": 72631,
    "imageCount": 3,
    "script": 63819,
    "scriptCount": 2,
    "document": 3625,
    "font": 46426,
    "fontCount": 2,
    "stylesheet": 13846,
    "stylesheetCount": 1,
    "thirdParty": 63883,
    "thirdPartyCount": 3
  },
  "axe": {
    "passes": 242,
    "violations": 6
  }
}