{
  "url": "https://jekyllrb.com/",
  "requestedUrl": "https://jekyllrb.com/",
  "timestamp": 1599545092202,
  "ranks": {
    "hundos": 2,
    "performance": 3,
    "accessibility": 3,
    "cumulative": 2
  },
  "lighthouse": {
    "version": "6.3.0",
    "performance": 0.99,
    "accessibility": 1,
    "bestPractices": 1,
    "seo": 1,
    "total": 399
  },
  "firstContentfulPaint": 1124.15,
  "speedIndex": 1124.15,
  "largestContentfulPaint": 2195.281,
  "totalBlockingTime": 132,
  "cumulativeLayoutShift": 0,
  "timeToInteractive": 2345.281,
  "maxPotentialFirstInputDelay": 148,
  "timeToFirstByte": 6.001999999999999,
  "weight": {
    "summary": "10 requests • 195 KiB",
    "total": 199678,
    "image": 72640,
    "imageCount": 3,
    "script": 63083,
    "scriptCount": 2,
    "document": 3641,
    "font": 46448,
    "fontCount": 2,
    "stylesheet": 13804,
    "stylesheetCount": 1,
    "thirdParty": 63145,
    "thirdPartyCount": 3
  },
  "axe": {
    "passes": 249,
    "violations": 6
  }
}