{
  "url": "https://jekyllrb.com/",
  "requestedUrl": "https://jekyllrb.com/",
  "timestamp": 1602569107295,
  "ranks": {
    "hundos": 1,
    "performance": 2,
    "accessibility": 3,
    "cumulative": 2
  },
  "lighthouse": {
    "version": "6.4.1",
    "performance": 0.99,
    "accessibility": 1,
    "bestPractices": 1,
    "seo": 1,
    "total": 399
  },
  "firstContentfulPaint": 1071.2,
  "speedIndex": 1071.2,
  "largestContentfulPaint": 2060.691,
  "totalBlockingTime": 106,
  "cumulativeLayoutShift": 0,
  "timeToInteractive": 2285.691,
  "maxPotentialFirstInputDelay": 144,
  "timeToFirstByte": 8.062999999999999,
  "weight": {
    "summary": "10 requests • 195 KiB",
    "total": 200099,
    "image": 72741,
    "imageCount": 3,
    "script": 63411,
    "scriptCount": 2,
    "document": 3640,
    "font": 46347,
    "fontCount": 2,
    "stylesheet": 13805,
    "stylesheetCount": 1,
    "thirdParty": 63566,
    "thirdPartyCount": 3
  },
  "axe": {
    "passes": 249,
    "violations": 6
  }
}