{
  "url": "https://jekyllrb.com/",
  "requestedUrl": "https://jekyllrb.com/",
  "timestamp": 1604383482615,
  "ranks": {
    "hundos": 2,
    "performance": 3,
    "accessibility": 3,
    "cumulative": 2
  },
  "lighthouse": {
    "version": "6.4.1",
    "performance": 0.97,
    "accessibility": 1,
    "bestPractices": 1,
    "seo": 1,
    "total": 397
  },
  "firstContentfulPaint": 1051.672,
  "speedIndex": 1051.672,
  "largestContentfulPaint": 2345.745,
  "totalBlockingTime": 215,
  "cumulativeLayoutShift": 0,
  "timeToInteractive": 2345.745,
  "maxPotentialFirstInputDelay": 230,
  "timeToFirstByte": 84.45,
  "weight": {
    "summary": "10 requests • 196 KiB",
    "total": 200208,
    "image": 72667,
    "imageCount": 3,
    "script": 63578,
    "scriptCount": 2,
    "document": 3633,
    "font": 46412,
    "fontCount": 2,
    "stylesheet": 13854,
    "stylesheetCount": 1,
    "thirdParty": 63642,
    "thirdPartyCount": 3
  },
  "axe": {
    "passes": 249,
    "violations": 6
  }
}