{
  "url": "https://jekyllrb.com/",
  "requestedUrl": "https://jekyllrb.com/",
  "timestamp": 1607925855084,
  "ranks": {
    "hundos": 1,
    "performance": 2,
    "accessibility": 2,
    "cumulative": 1
  },
  "lighthouse": {
    "version": "6.5.0",
    "performance": 0.99,
    "accessibility": 1,
    "bestPractices": 1,
    "seo": 1,
    "total": 399
  },
  "firstContentfulPaint": 1057.213,
  "speedIndex": 1057.213,
  "largestContentfulPaint": 2017.96,
  "totalBlockingTime": 81,
  "cumulativeLayoutShift": 0,
  "timeToInteractive": 2242.96,
  "maxPotentialFirstInputDelay": 123,
  "timeToFirstByte": 14.126999999999999,
  "weight": {
    "summary": "10 requests • 196 KiB",
    "total": 200418,
    "image": 72646,
    "imageCount": 3,
    "script": 63848,
    "scriptCount": 2,
    "document": 3624,
    "font": 46385,
    "fontCount": 2,
    "stylesheet": 13851,
    "stylesheetCount": 1,
    "thirdParty": 63912,
    "thirdPartyCount": 3
  },
  "run": {
    "number": 2,
    "total": 3
  },
  "axe": {
    "passes": 242,
    "violations": 6
  }
}