{
  "url": "https://jekyllrb.com/",
  "requestedUrl": "https://jekyllrb.com/",
  "timestamp": 1603951649822,
  "ranks": {
    "hundos": 2,
    "performance": 3,
    "accessibility": 3,
    "cumulative": 2
  },
  "lighthouse": {
    "version": "6.4.1",
    "performance": 0.98,
    "accessibility": 1,
    "bestPractices": 1,
    "seo": 1,
    "total": 398
  },
  "firstContentfulPaint": 1055.353,
  "speedIndex": 1055.353,
  "largestContentfulPaint": 2405.353,
  "totalBlockingTime": 89,
  "cumulativeLayoutShift": 0,
  "timeToInteractive": 2263.2560000000003,
  "maxPotentialFirstInputDelay": 136,
  "timeToFirstByte": 5.496,
  "weight": {
    "summary": "10 requests • 196 KiB",
    "total": 200475,
    "image": 72541,
    "imageCount": 3,
    "script": 63550,
    "scriptCount": 2,
    "document": 3627,
    "font": 46397,
    "fontCount": 2,
    "stylesheet": 13953,
    "stylesheetCount": 1,
    "thirdParty": 63957,
    "thirdPartyCount": 3
  },
  "axe": {
    "passes": 249,
    "violations": 6
  }
}