{
  "url": "https://jekyllrb.com/",
  "requestedUrl": "https://jekyllrb.com/",
  "timestamp": 1601013864150,
  "ranks": {
    "hundos": 2,
    "performance": 3,
    "accessibility": 3,
    "cumulative": 2
  },
  "lighthouse": {
    "version": "6.3.0",
    "performance": 0.98,
    "accessibility": 1,
    "bestPractices": 1,
    "seo": 1,
    "total": 398
  },
  "firstContentfulPaint": 1132.375,
  "speedIndex": 1132.375,
  "largestContentfulPaint": 2347.802,
  "totalBlockingTime": 112,
  "cumulativeLayoutShift": 0,
  "timeToInteractive": 2347.802,
  "maxPotentialFirstInputDelay": 147,
  "timeToFirstByte": 81.373,
  "weight": {
    "summary": "10 requests • 195 KiB",
    "total": 200035,
    "image": 72664,
    "imageCount": 3,
    "script": 63411,
    "scriptCount": 2,
    "document": 3625,
    "font": 46430,
    "fontCount": 2,
    "stylesheet": 13842,
    "stylesheetCount": 1,
    "thirdParty": 63474,
    "thirdPartyCount": 3
  },
  "axe": {
    "passes": 249,
    "violations": 6
  }
}