{
  "url": "https://jekyllrb.com/",
  "requestedUrl": "https://jekyllrb.com/",
  "timestamp": 1604642723506,
  "ranks": {
    "hundos": 2,
    "performance": 3,
    "accessibility": 3,
    "cumulative": 2
  },
  "lighthouse": {
    "version": "6.4.1",
    "performance": 0.99,
    "accessibility": 1,
    "bestPractices": 1,
    "seo": 1,
    "total": 399
  },
  "firstContentfulPaint": 1053.8220000000001,
  "speedIndex": 1053.8220000000001,
  "largestContentfulPaint": 2044.094,
  "totalBlockingTime": 108,
  "cumulativeLayoutShift": 0,
  "timeToInteractive": 2269.094,
  "maxPotentialFirstInputDelay": 150,
  "timeToFirstByte": 5.441000000000001,
  "weight": {
    "summary": "10 requests • 195 KiB",
    "total": 200149,
    "image": 72639,
    "imageCount": 3,
    "script": 63578,
    "scriptCount": 2,
    "document": 3628,
    "font": 46447,
    "fontCount": 2,
    "stylesheet": 13793,
    "stylesheetCount": 1,
    "thirdParty": 63642,
    "thirdPartyCount": 3
  },
  "axe": {
    "passes": 249,
    "violations": 6
  }
}