{
  "url": "https://jekyllrb.com/",
  "requestedUrl": "https://jekyllrb.com/",
  "timestamp": 1603778580484,
  "ranks": {
    "hundos": 2,
    "performance": 3,
    "accessibility": 3,
    "cumulative": 2
  },
  "lighthouse": {
    "version": "6.4.1",
    "performance": 0.98,
    "accessibility": 1,
    "bestPractices": 1,
    "seo": 1,
    "total": 398
  },
  "firstContentfulPaint": 1232.101,
  "speedIndex": 1232.101,
  "largestContentfulPaint": 2327.101,
  "totalBlockingTime": 113,
  "cumulativeLayoutShift": 0,
  "timeToInteractive": 2336.007,
  "maxPotentialFirstInputDelay": 137,
  "timeToFirstByte": 78.348,
  "weight": {
    "summary": "10 requests • 195 KiB",
    "total": 200015,
    "image": 72709,
    "imageCount": 3,
    "script": 63426,
    "scriptCount": 2,
    "document": 3627,
    "font": 46409,
    "fontCount": 2,
    "stylesheet": 13780,
    "stylesheetCount": 1,
    "thirdParty": 63490,
    "thirdPartyCount": 3
  },
  "axe": {
    "passes": 249,
    "violations": 6
  }
}