{
  "url": "https://jekyllrb.com/",
  "requestedUrl": "https://jekyllrb.com/",
  "timestamp": 1600581934052,
  "ranks": {
    "hundos": 2,
    "performance": 3,
    "accessibility": 3,
    "cumulative": 2
  },
  "lighthouse": {
    "version": "6.3.0",
    "performance": 0.98,
    "accessibility": 1,
    "bestPractices": 1,
    "seo": 1,
    "total": 398
  },
  "firstContentfulPaint": 1058.9479999999999,
  "speedIndex": 1167.0572789684502,
  "largestContentfulPaint": 2351.6649999999995,
  "totalBlockingTime": 177,
  "cumulativeLayoutShift": 0,
  "timeToInteractive": 2351.6649999999995,
  "maxPotentialFirstInputDelay": 227,
  "timeToFirstByte": 88.837,
  "weight": {
    "summary": "10 requests • 195 KiB",
    "total": 200080,
    "image": 72706,
    "imageCount": 3,
    "script": 63411,
    "scriptCount": 2,
    "document": 3627,
    "font": 46419,
    "fontCount": 2,
    "stylesheet": 13854,
    "stylesheetCount": 1,
    "thirdParty": 63474,
    "thirdPartyCount": 3
  },
  "axe": {
    "passes": 249,
    "violations": 6
  }
}