{
  "url": "https://hexo.io/",
  "requestedUrl": "https://hexo.io/",
  "timestamp": 1601445950570,
  "ranks": {
    "hundos": 12,
    "performance": 12,
    "accessibility": 12,
    "cumulative": 12
  },
  "lighthouse": {
    "version": "6.3.0",
    "performance": 0.56,
    "accessibility": 0.72,
    "bestPractices": 0.86,
    "seo": 0.93,
    "total": 307
  },
  "firstContentfulPaint": 1618.6960000000001,
  "speedIndex": 5661.356231357548,
  "largestContentfulPaint": 1768.6960000000001,
  "totalBlockingTime": 2240.0000000000005,
  "cumulativeLayoutShift": 0.0003625233968098958,
  "timeToInteractive": 10939.72796588135,
  "maxPotentialFirstInputDelay": 392,
  "timeToFirstByte": 12.796,
  "weight": {
    "summary": "231 requests • 988 KiB",
    "total": 1011282,
    "image": 336814,
    "imageCount": 63,
    "script": 365027,
    "scriptCount": 55,
    "document": 154285,
    "font": 102097,
    "fontCount": 9,
    "stylesheet": 19518,
    "stylesheetCount": 11,
    "thirdParty": 1007033,
    "thirdPartyCount": 230
  },
  "axe": {
    "passes": 358,
    "violations": 19
  }
}