{
  "url": "https://hexo.io/",
  "requestedUrl": "https://hexo.io/",
  "timestamp": 1601532253109,
  "ranks": {
    "hundos": 12,
    "performance": 12,
    "accessibility": 12,
    "cumulative": 12
  },
  "lighthouse": {
    "version": "6.3.0",
    "performance": 0.56,
    "accessibility": 0.72,
    "bestPractices": 0.79,
    "seo": 0.93,
    "total": 300
  },
  "firstContentfulPaint": 1678.493,
  "speedIndex": 5898.426210336373,
  "largestContentfulPaint": 1828.493,
  "totalBlockingTime": 1435.5,
  "cumulativeLayoutShift": 0.0003625233968098958,
  "timeToInteractive": 11182.361152481079,
  "maxPotentialFirstInputDelay": 340,
  "timeToFirstByte": 88.34899999999999,
  "weight": {
    "summary": "227 requests • 1,283 KiB",
    "total": 1313615,
    "image": 632833,
    "imageCount": 67,
    "script": 364750,
    "scriptCount": 53,
    "document": 149636,
    "font": 116807,
    "fontCount": 8,
    "stylesheet": 20131,
    "stylesheetCount": 11,
    "thirdParty": 1309370,
    "thirdPartyCount": 226
  },
  "axe": {
    "passes": 358,
    "violations": 19
  }
}