{
  "url": "https://hexo.io/",
  "requestedUrl": "https://hexo.io/",
  "timestamp": 1608098669332,
  "ranks": {
    "hundos": 12,
    "performance": 12,
    "accessibility": 12,
    "cumulative": 12
  },
  "lighthouse": {
    "version": "6.5.0",
    "performance": 0.57,
    "accessibility": 0.73,
    "bestPractices": 0.73,
    "seo": 0.93,
    "total": 296
  },
  "firstContentfulPaint": 1606.8629999999998,
  "speedIndex": 6122.8606729263665,
  "largestContentfulPaint": 1756.8629999999998,
  "totalBlockingTime": 1341,
  "cumulativeLayoutShift": 0.0003625233968098958,
  "timeToInteractive": 10837.743999999999,
  "maxPotentialFirstInputDelay": 316,
  "timeToFirstByte": 11.707999999999998,
  "weight": {
    "summary": "223 requests • 1,103 KiB",
    "total": 1129691,
    "image": 429990,
    "imageCount": 67,
    "script": 370617,
    "scriptCount": 57,
    "document": 178766,
    "font": 102065,
    "fontCount": 13,
    "stylesheet": 20894,
    "stylesheetCount": 11,
    "thirdParty": 1125648,
    "thirdPartyCount": 222
  },
  "run": {
    "number": 2,
    "total": 3
  },
  "axe": {
    "passes": 503,
    "violations": 37
  }
}