{
  "url": "https://hexo.io/",
  "requestedUrl": "https://hexo.io/",
  "timestamp": 1607666652501,
  "ranks": {
    "hundos": 12,
    "performance": 12,
    "accessibility": 12,
    "cumulative": 12
  },
  "lighthouse": {
    "version": "6.5.0",
    "performance": 0.58,
    "accessibility": 0.73,
    "bestPractices": 0.8,
    "seo": 0.93,
    "total": 304
  },
  "firstContentfulPaint": 1863.8829999999998,
  "speedIndex": 6516.570371038726,
  "largestContentfulPaint": 2013.883,
  "totalBlockingTime": 933.5480000000002,
  "cumulativeLayoutShift": 0.0003625233968098958,
  "timeToInteractive": 10873.161,
  "maxPotentialFirstInputDelay": 274,
  "timeToFirstByte": 95.08000000000001,
  "weight": {
    "summary": "230 requests • 1,074 KiB",
    "total": 1099599,
    "image": 396143,
    "imageCount": 68,
    "script": 370780,
    "scriptCount": 57,
    "document": 175937,
    "font": 102077,
    "fontCount": 14,
    "stylesheet": 20348,
    "stylesheetCount": 11,
    "thirdParty": 1095349,
    "thirdPartyCount": 229
  },
  "axe": {
    "passes": 499,
    "violations": 38
  }
}