{
  "url": "https://hexo.io/",
  "requestedUrl": "https://hexo.io/",
  "timestamp": 1603605916570,
  "ranks": {
    "hundos": 12,
    "performance": 12,
    "accessibility": 12,
    "cumulative": 12
  },
  "lighthouse": {
    "version": "6.4.1",
    "performance": 0.55,
    "accessibility": 0.72,
    "bestPractices": 0.86,
    "seo": 0.93,
    "total": 306
  },
  "firstContentfulPaint": 1846.0749999999998,
  "speedIndex": 5789.2078529913215,
  "largestContentfulPaint": 1996.0749999999998,
  "totalBlockingTime": 1912.524499999999,
  "cumulativeLayoutShift": 0.0003625233968098958,
  "timeToInteractive": 11180.72469613647,
  "maxPotentialFirstInputDelay": 356,
  "timeToFirstByte": 90.119,
  "weight": {
    "summary": "195 requests • 1,050 KiB",
    "total": 1075704,
    "image": 371423,
    "imageCount": 51,
    "script": 368131,
    "scriptCount": 57,
    "document": 174324,
    "font": 116745,
    "fontCount": 11,
    "stylesheet": 21503,
    "stylesheetCount": 11,
    "thirdParty": 1071454,
    "thirdPartyCount": 194
  },
  "axe": {
    "passes": 358,
    "violations": 19
  }
}