{
  "url": "https://hexo.io/",
  "requestedUrl": "https://hexo.io/",
  "timestamp": 1599202191521,
  "ranks": {
    "hundos": 12,
    "performance": 12,
    "accessibility": 12,
    "cumulative": 12
  },
  "lighthouse": {
    "version": "6.3.0",
    "performance": 0.63,
    "accessibility": 0.72,
    "bestPractices": 0.86,
    "seo": 0.93,
    "total": 314
  },
  "firstContentfulPaint": 1604.4250000000002,
  "speedIndex": 5153.274593005164,
  "largestContentfulPaint": 1754.4250000000002,
  "totalBlockingTime": 1072.0831524810787,
  "cumulativeLayoutShift": 0.00038674587673611114,
  "timeToInteractive": 9130.54617768097,
  "maxPotentialFirstInputDelay": 351,
  "timeToFirstByte": 12.574000000000012,
  "weight": {
    "summary": "131 requests • 965 KiB",
    "total": 988551,
    "image": 357438,
    "imageCount": 31,
    "script": 361550,
    "scriptCount": 41,
    "document": 127496,
    "font": 105628,
    "fontCount": 5,
    "stylesheet": 20303,
    "stylesheetCount": 9,
    "thirdParty": 984356,
    "thirdPartyCount": 130
  },
  "axe": {
    "passes": 398,
    "violations": 24
  }
}