{
  "url": "https://hexo.io/",
  "requestedUrl": "https://hexo.io/",
  "timestamp": 1608700482571,
  "ranks": {
    "hundos": 12,
    "performance": 7,
    "accessibility": 12,
    "cumulative": 12
  },
  "lighthouse": {
    "version": "6.5.0",
    "performance": 0.87,
    "accessibility": 0.73,
    "bestPractices": 0.8,
    "seo": 0.93,
    "total": 333
  },
  "firstContentfulPaint": 1603.1589999999997,
  "speedIndex": 3293.313667734689,
  "largestContentfulPaint": 1828.1589999999997,
  "totalBlockingTime": 392.5,
  "cumulativeLayoutShift": 0.0003625233968098958,
  "timeToInteractive": 5933.057999999999,
  "maxPotentialFirstInputDelay": 210,
  "timeToFirstByte": 13.808999999999997,
  "weight": {
    "summary": "37 requests • 714 KiB",
    "total": 731012,
    "image": 325415,
    "imageCount": 9,
    "script": 303410,
    "scriptCount": 12,
    "document": 21387,
    "font": 57359,
    "fontCount": 1,
    "stylesheet": 16212,
    "stylesheetCount": 4,
    "thirdParty": 726793,
    "thirdPartyCount": 36
  },
  "run": {
    "number": 2,
    "total": 3
  },
  "axe": {
    "passes": 422,
    "violations": 25
  }
}