{
  "url": "https://hexo.io/",
  "requestedUrl": "https://hexo.io/",
  "timestamp": 1605074764186,
  "ranks": {
    "hundos": 12,
    "performance": 12,
    "accessibility": 12,
    "cumulative": 12
  },
  "lighthouse": {
    "version": "6.4.1",
    "performance": 0.6,
    "accessibility": 0.72,
    "bestPractices": 0.86,
    "seo": 0.93,
    "total": 311
  },
  "firstContentfulPaint": 1608.5410000000002,
  "speedIndex": 5494.255903931469,
  "largestContentfulPaint": 1758.5410000000002,
  "totalBlockingTime": 1171,
  "cumulativeLayoutShift": 0.0003625233968098958,
  "timeToInteractive": 10327.890285995483,
  "maxPotentialFirstInputDelay": 368,
  "timeToFirstByte": 11.611000000000004,
  "weight": {
    "summary": "234 requests • 998 KiB",
    "total": 1021301,
    "image": 339652,
    "imageCount": 65,
    "script": 380376,
    "scriptCount": 54,
    "document": 147455,
    "font": 102035,
    "fontCount": 11,
    "stylesheet": 19535,
    "stylesheetCount": 11,
    "thirdParty": 1017257,
    "thirdPartyCount": 233
  },
  "axe": {
    "passes": 358,
    "violations": 19
  }
}